attName,attID,attDecs,4,5
通常攻撃(ロッド),1698836726,Melee,Rod first normal attack,Fo
通常攻撃(ロッド),1698835954,Melee,Rod second normal attack,Fo
通常攻撃(ロッド),1698835891,Melee,Rod third normal attack,Fo
通常攻撃(タリス),603769614,Ranged,Talis first normal attack,
通常攻撃(タリス),603769679,Ranged,Talis second normal attack,
通常攻撃(タリス),603769484,Ranged,Talis third normal attack,
フォイエ,2875245395,Tech,Uncharged,
フォイエ,169905548,Tech,Charged,
ギ・フォイエ,46933754,Tech,Uncharged,
ギ・フォイエ,1396192371,Tech,Charged,
ラ・フォイエ,3727832945,Tech,Uncharged,
ラ・フォイエ,3160663286,Tech,Charged,
サ・フォイエ,992062163,Tech,Uncharged,
サ・フォイエ,1313506350,Tech,Charged,
零式サ・フォイエ,2566461378,Tech,Safoie (Type-0) uncharged first hit,
零式サ・フォイエ,1314363598,Tech,Safoie (Type-0) uncharged,
零式サ・フォイエ,2588035419,Tech,Safoie (Type-0) charged first hit,
零式サ・フォイエ,166001586,Tech,Safoie (Type-0) charged,
ナ・フォイエ,3050042460,Tech,Ground_ Uncharged,
ナ・フォイエ,4054265489,Tech,Ground_ Charged,
ナ・フォイエ,828617961,Tech,Direct_ Uncharged,
ナ・フォイエ,840836682,Tech,Direct_ Charged,
イル・フォイエ,753131125,Tech,Uncharged,
イル・フォイエ,3465265553,Tech,Charged,
バータ,266516230,Tech,Uncharged,
バータ,2503064048,Tech,Charged,
ギ・バータ,4241185338,Tech,Uncharged,
ギ・バータ,3975187521,Tech,Charged,
ラ・バータ,2628737071,Tech,Uncharged,
ラ・バータ,1838809243,Tech,Charged,
サ・バータ,1906247115,Tech,Uncharged,
サ・バータ,3773240682,Tech,Charged1,
サ・バータ,3773212059,Tech,Sabarta charged (crafted?) second hit,
サ・バータ,3773297992,Tech,Sabarta charged (crafted?) third hit,
ナ・バータ,49556873,Tech,Cone,
零式ナ・バータ,2952624225,Tech,Nabarta (type-0),
イル・バータ,3811499950,Tech,Uncharged1,
イル・バータ,1100223160,Tech,Charged1,
イル・バータ,3813876239,Tech,Uncharged2,
イル・バータ,1097749259,Tech,Charged2,
イル・バータ,3811409918,Tech,Uncharged3,
イル・バータ,1097489198,Tech,Charged3,
ゾンデ,1715327776,Tech,Charged,
ゾンデ,554054867,Tech,Uncharged,
零式ゾンデ,553845451,Tech,Zonde (type-0 craft) uncharged,
零式ゾンデ,3325804278,Tech,charged,
零式ゾンデ,3480669127,Tech,charged final blast,
ギ・ゾンデ,71596560,Tech,Charged,
ギ・ゾンデ,3022246617,Tech,Uncharged,
ラ・ゾンデ,3676394406,Tech,Charged,
ラ・ゾンデ,1182047893,Tech,Uncharged,
サ・ゾンデ,3103634595,Tech,Charged,
サ・ゾンデ,577772084,Tech,Sazonde ignition burn/poisonlike damage? (charged),
サ・ゾンデ,3004803920,Tech,Uncharged,
ゾンディール,3588292375,Tech,Charged,
ゾンディール,2651268955,Tech,Uncharged,
ナ・ゾンデ,2789601843,Tech,Charged,
ナ・ゾンデ,3856490257,Tech,"Charged ""first thunder""",
ナ・ゾンデ,4278420419,Tech,Uncharged,
ナ・ゾンデ,1343119479,Tech,"Uncharged Nazonde ""first thunder""",
イル・ゾンデ,1756866220,Tech,Charged,
イル・ゾンデ,2398664728,Tech,Uncharged,
ザン,521246550,Tech,Charged,
ザン,1968122153,Tech,Uncharged,
ギ・ザン,240324652,Tech,Charged,
ギ・ザン,3485405777,Tech,Uncharged,
ギ・ザン,3917149067,Tech,Charged,
ラ・ザン,1061314683,Tech,Charged,
ラ・ザン,1105346738,Tech,Uncharged,
サ・ザン,886169895,Tech,Charged,
サ・ザン,3946162743,Tech,Uncharged,
ザンバース,2106601422,Tech,,
ナ・ザン,1233164694,Tech,Charged,
ナ・ザン,1497197786,Tech,Uncharged,
零式ナ・ザン,3917512316,Tech,Nazan (type-0 craft) uncharged,
零式ナ・ザン,1490526560,Tech,second,
零式ナ・ザン,3510056594,Tech,Nazan charged first hit,
零式ナ・ザン,2994867107,Tech,second hit,
零式ナ・ザン,1437435851,Tech,loads of hits,
イル・ザン,2891550606,Tech,Charged,
イル・ザン,1944592516,Tech,Uncharged,
グランツ,696766223,Tech,Charged,
グランツ,587902627,Tech,Uncharged,
ギ・グランツ,1564723661,Tech,,
ギ・グランツ,1530463953,Tech,,
ギ・グランツ,1436931332,Tech,,
ギ・グランツ,2514551176,Tech,,
ギ・グランツ,2514506879,Tech,,
零式ギ・グランツ,3628407015,Tech,Gigrants (type-0) spin,
零式ギ・グランツ,3801422187,Tech,Gigrants (type-0) final spin,
ラ・グランツ,1533572763,Tech,Charged,
ラ・グランツ,3561438056,Tech,Uncharged,
レスタ,142771121,Tech,,
レスタ,4031424500,Tech,,
レスタ,195155587,Tech,,
レスタ,3436243939,Tech,,
アンティ,2654395262,Tech,,
ナ・グランツ,3224409263,Tech,,
ナ・グランツ,441986811,Tech,,
イル・グランツ,3937014835,Tech,,
イル・グランツ,1775046628,Tech,,
メギド,3476394151,Tech,,
メギド,1348241237,Tech,,
ギ・メギド,2362873256,Tech,,
ギ・メギド,2076503293,Tech,,
ラ・メギド,1346510043,Tech,,
ラ・メギド,2458729274,Tech,,
零式ラ・メギド,1488338153,Tech,Ramegid (Type-0) uncharged,
零式ラ・メギド,3108138604,Tech,Ramegid (Type-0) charged,
サ・メギド,757530403,Tech,,
サ・メギド,3731229904,Tech,,
ナ・メギド,803375681,Tech,,
ナ・メギド,2368738938,Tech,,
イル・メギド,3791794807,Tech,,
イル・メギド,3041296659,Tech,,
フォメルギオン,9380787,Tech,???,
フォメルギオン,1671704953,Tech,???,
ザンディオン,481495314,Tech,???,
ザンディオン,2644417114,Tech,???,
バーランツィオン,295363461,Tech,Barantsion,
バーランツィオン,3388489620,Tech,Barantsion,
バーランツィオン,1163319447,Tech,Barantsion,
バーランツィオン,2334157934,Tech,Barantsion,
バーランツィオン,2379907725,Tech,Barantsion,
レ・ザンディア,1867811711,Tech,Ra Zandia tornado,
レ・ザンディア,1867811774,Tech,Ra Zandia thunder (during tornado),
レ・ザンディア,718208837,Tech,Ra Zandia laser,
レ・ザンディア,718207365,Tech,Ra Zandia laser aoe(?),
レ・フォメルギア,2206442470,Tech,Ra Fomelgia the particle itself hitting(?),
レ・フォメルギア,2206444891,Tech,Ra Fomelgia physical hit(?),
レ・フォメルギア,564406075,Tech,Ra Fomelgia finish,
レ・フォメルギア,564406201,Tech,Ra Fomelgia finish,
レ・バーランツィア,138892717,Tech,Ra Barantsia right projectile,
レ・バーランツィア,4003740182,Tech,Ra Barantsia left projectile,
レ・バーランツィア,950481737,Tech,Ra Barantsia finish,
レ・バーランツィア,950479247,Tech,Ra Barantsia finish,
ロッドシュート,82081592,Special,Rod Shoot (Fo skill),Fo
アナザーロッドシュートモード,102418521,Special,Another Rod Shooting Mode ring,Fo
フリーズイグニッション,3533119346,Special,Freeze Ignition (Fo skill),Fo
通常攻撃(ウォンド),1775819901,Melee,Wand,Te
通常攻撃(ウォンド),1775820734,Melee,Wand,Te
通常攻撃(ウォンド),1775820799,Melee,Wand,Te
ステアタ(ウォンド),1777037248,Melee,Wand (step attack),Te
ウォンドギア,2614865725,Tech,Wand Gear (Ice),Te
ウォンドギア,1479548096,Tech,Wand Gear (Fire),Te
ウォンドギア,789614525,Tech,Wand Gear (Thunder),Te
ウォンドギア,3274663457,Tech,Wand Gear (Light),Te
ウォンドギア,1513048310,Tech,Wand Gear (Dark),Te
ウォンドギア,3948088357,Tech,Wand Gear (Wind),Te
ヘヴィーハンマー,1770469728,PA,Heavy Hammer no charge,
ヘヴィーハンマー,3027256165,PA,Heavy Hammer charge 1,
ヘヴィーハンマー,1393830765,PA,Heavy Hammer charge 2,
ポイズンイグニッション,2532986093,Special,Poison Ignition (Te skill),Te
通常攻撃(素手),3481186334,Melee,Unarmed first normal attack,
通常攻撃(素手),1578628668,Melee,Unarmed second normal attack,
通常攻撃(素手),888355388,Melee,Unarmed third normal attack,
通常攻撃(素手),1306546230,Melee,Unarmed air first normal attack,
通常攻撃(素手),439463649,Melee,Unarmed air second normal attack,
通常攻撃(素手),2213730805,Melee,Unarmed air third normal attack,
ステアタ(素手),2071807444,Melee,Unarmed step attack,
ダッキングブロウ(素手),3085782811,PA,Unarmed Ducking Blow,
ジャストガード,1612949165,Special,Wired Lances and Partizan Just Guard,
Just Guard,1526762558,Special,Sword Just Guard,0
スナッチステップ,3943870236,Melee,Braver Snatch Step,
ステアタ(ソード),1216456228,Melee,Sword,
通常攻撃(ソード),1215379240,Melee,Sword_ 1st,
通常攻撃(ソード),1215379433,Melee,Sword_ 2nd,
通常攻撃(ソード),1215367338,Melee,Sword_ 3rd,
通常攻撃(ソード),1331225593,Melee,Sword air first normal attack,
通常攻撃(ソード),1331225146,Melee,Sword air second normal attack,
通常攻撃(ソード),1331225211,Melee,Sword air third normal attack,
ステアタ(零式),1279043576,Melee,Sword Step Attack (Sacrifice's Bite ver) (unused as of Oct 10.),
通常攻撃(零式),2001359545,Melee,Sword first normal attack (Sacrifice's Bite ver) (unused as of Oct 10.),
通常攻撃(零式),2002747972,Melee,Sword second normal attack (Sacrifice's Bite ver) (unused as of Oct 10.),
通常攻撃(零式),2084739075,Melee,Sword third normal attack (Sacrifice's Bite ver) (unused as of Oct 10.),
通常攻撃(零式),1351584013,Melee,Sword air first normal attack (Sacrifice's Bite ver) (unused as of Oct 10.),
通常攻撃(零式),1353244642,Melee,Sword air second normal attack (Sacrifice's Bite ver) (unused as of Oct 10.),
通常攻撃(零式),1354018567,Melee,Sword air third normal attack (Sacrifice's Bite ver) (unused as of Oct 10.),
ライジングエッジ,1227622308,PA,Start,
ライジングエッジ,1224723795,PA,Spin,
ツイスターフォール,1224723730,PA,Spin,
ツイスターフォール,3096797813,PA,Slam,
ツイスターフォール,3096804787,PA,Twister Fall second slam part,
ツイスターフォール,3096805226,PA,Twister Fall third slam part,
ツイスターフォール零式,3096804398,PA,Crafted spin,
ツイスターフォール零式,1227789065,PA,Crafted slam,
ツイスターフォール零式,1227789258,PA,Twister Fall crafted second slam part,
ツイスターフォール零式,1227788826,PA,Twister Fall crafted third slam part,
ノヴァストライク,3096784224,PA,1st,
ノヴァストライク,3096784697,PA,2nd,
ノヴァストライク,3034360175,PA,3rd,
Nova Strike,3950438450,PA,Nova Strike uncharged,0
Nova Strike,3950438451,PA,Nova Strike charge lv.1,0
Nova Strike,3950438460,PA,Nova Strike charge lv.2,0
ライドスラッシャー,1224723856,PA,,
オーバーエンド,3096759815,PA,First 4,
オーバーエンド,3330009863,PA,Final,
オーバーエンド,3096759878,PA,???,
オーバーエンド,3096760066,PA,???,
スタンコンサイド,1224723991,PA,,
ソニックアロウ,3096760613,PA,no gear,
ソニックアロウ,3096760676,PA,partial gear,
ソニックアロウ,3096768032,PA,full gear,
ソニックアロウ,1410023705,PA,???,
クルーエルスロー,2150373435,PA,grab,
クルーエルスロー,1224724117,PA,thrown,
Enemy Thrown,2164805818,PA,beatdown,
アザーサイクロン零式,1107498562,PA,Enemy Thrown (C),
ギルティブレイク,3096967176,PA,no charge 1,
ギルティブレイク,784836873,PA,no charge 2,
ギルティブレイク,3096967243,PA,half charge 1,
ギルティブレイク,785070206,PA,half charge 2,
ギルティブレイク,3096936719,PA,full charge 1,
ギルティブレイク,297995916,PA,full charge 2,
サクリファイスバイト,526157945,PA,Sacrifice's bite latch,
サクリファイスバイト,2275427188,PA,Sacrifice's bite charges,
サクリファイスバイト,985472180,PA,Sacrifice's bite short-charge,
サクリファイスバイト,2606728976,PA,Sacrifice's bite smack,
サクリファイスバイト零式,1040118139,PA,Sacrifice's Bite (Type-0) latch,
サクリファイスバイト零式,179195970,PA,Sacrifice's Bite (Type-0) charge,
サクリファイスバイト零式,3909378260,PA,Sacrifice's Bite (Type-0) quick-charge,
サクリファイスバイト零式,3040541025,PA,Sacrifice's Bite (Type-0) hit,
イグナイトパリング,3096775537,PA,Ignition Parry first four strikes (parried version uses this as well),
イグナイトパリング,54200585,PA,Ignition Parry final two strikes,
イグナイトパリング,498184876,PA,Ignition Parry parried first hit,
イグナイトパリング,915579056,PA,Ignition Parry parried last 2 hits,
イグナイトパリング,54200648,PA,Ignition Parry 1 gear last 2 hits,
イグナイトパリング,54200890,PA,Ignition Parry 2 gear last 2 hits,
イグナイトパリング,915578993,PA,Ignition Parry 1 gear last 2 hits parried,
イグナイトパリング,915561415,PA,Ignition Parry 2 gear last 2 hits parried,
通常攻撃(パルチザン),2285482403,Melee,Partisan 1,
通常攻撃(パルチザン),2226608029,Melee,Partisan 2,
通常攻撃(パルチザン),3208780153,Melee,Partisan 3,
通常攻撃(パルチザン),689132866,Melee,Partizan air first normal attack,
通常攻撃(パルチザン),2984060434,Melee,Partizan air second normal attack,
通常攻撃(パルチザン),3685709820,Melee,Partizan air third normal attack,
ステアタ(パルチザン),998183821,Melee,Partisan Step,
スライドシェイカー,636978853,PA,Slide Shaker spin no gear,
スライドシェイカー,1520282204,PA,Slide Shaker final hit no gear,
スライドシェイカー,3227905532,PA,Spin,
スライドシェイカー,2058300958,PA,Final,
スピードレイン,2526158104,PA,Speed Rain no gear,
スピードレイン,2059941313,PA,,
ライジングフラッグ,2304899440,PA,Rising Flag first hit no gear,
ライジングフラッグ,1539563132,PA,Rising Flag second hit no gear,
ライジングフラッグ,4126118223,PA,Rising Flag first hit with gear,
ライジングフラッグ,3118916294,PA,Rising Flag second hit with gear,
ピークアップスロー,3489365027,PA,Zenith throw hit and pickup,
ピークアップスロー,433956771,PA,Zenith throw thrown,
ピークアップスロー,3149659211,PA,Zenith throw hit and pickup (g),
ピークアップスロー,2913954274,PA,Zenith throw thrown (g),
トリックレイヴ,2653614511,PA,Trick Rave first 5 hits,
トリックレイヴ,13652846,PA,Trick Rave final hit,
トリックレイヴ,3731898348,PA,Trick Rave first 5 hits (gear),
トリックレイヴ,3577272225,PA,Trick Rave final hit (gear),
スライドエンド,377464480,PA,Slide End uncharged,
スライドエンド,2909671153,PA,Slide End charged,
スライドエンド,3587562687,PA,Slide End uncharged (gear),
スライドエンド,1834644812,PA,Slide End charged (gear),
アサルトバスター,3303155134,PA,Assault Buster,
アサルトバスター,2759272399,PA,Assault Buster charge,
アサルトバスター,1141954068,PA,Assault Buster (gear),
アサルトバスター,345377627,PA,Assault Buster charge (gear),
バンタースナッチ,3904258146,PA,Bandersnatch,
バンタースナッチ,4105316267,PA,Bandersnatch (gear),
セイクリッドスキュア,978114411,PA,Sacred Skewer,
セイクリッドスキュア,3090311227,PA,Sacred Skewer (gear),
セイクリッドスキュア零式,1194865789,PA,Sacred Skewer (type-0) no gear uncharged,
セイクリッドスキュア零式,458263249,PA,Sacred Skewer (type-0) gear uncharged,
セイクリッドスキュア零式,2210359068,PA,Sacred Skewer (type-0) no gear charged,
セイクリッドスキュア零式,2391746623,PA,Sacred Skewer (type-0) gear charged,
ヴォルグラプター,936938020,PA,Vol Graptor,
ヴォルグラプター,925141705,PA,Vol Graptor charged,
ティアーズグリッド,3331228937,PA,Tear Grid combo hits,
ティアーズグリッド,195498830,PA,Tear Grid final hit,
ティアーズグリッド,3630719180,PA,Tear Grid combo hits(g),
ティアーズグリッド,3226393072,PA,Tear Grid final hit (g),
通常攻撃(ワイヤードランス),1667827810,Melee,Wired Lance 1,
通常攻撃(ワイヤードランス),1667827875,Melee,Wired Lance 2,
通常攻撃(ワイヤードランス),1667828192,Melee,Wired Lance 3,
ステアタ(ワイヤードランス),1667395446,Melee,Wired Lances Step Attack,
バインドスルー,2996928382,PA,Bind Through pickup,
バインドスルー,377627045,PA,Bind Through slam,
グラップルチャージ,1615246036,PA,Grapple Charge grapple,
グラップルチャージ,1667543020,PA,Grapple Charge charge,
ヘブンリーフォール,4142951253,PA,Heavenly Fall heaven,
ヘブンリーフォール,1713894514,PA,Heavenly Fall fall,
アザーサイクロン,1850125110,PA,Other Cyclone grab,
アザーサイクロン,1871999855,PA,Other Cyclone cyclone,
アザーサイクロン,455829749,PA,Other Cyclone fling,
アザーサイクロン零式,1370775705,PA,Other Cyclone craft grab,
アザーサイクロン零式,3838831464,PA,spin,
アザーサイクロン零式,3070400580,PA,throw,
アザーサイクロン零式,4266934922,PA,Other Cyclone (C) thrown into enemy (ground),
アザースピン,781364083,PA,Other spin start,
アザースピン,516963559,PA,Other spin spin,
アザースピン,1667539754,PA,Other spin end,
ホールディングカレント,3976609677,PA,Holding current latch,
ホールディングカレント,4083023452,PA,Holding current spamclick ticks,
ホールディングカレント,604066823,PA,Holding current auto ticks,
ホールディングカレント,1667539691,PA,Holding current detatch,
エアポケットスイング,1667539880,PA,Air Pocket Swing,
サーベラスダンス,1667539817,PA,Cerberus Dance,
サーベラスダンス,185880800,PA,Cerberus Dance finish,
サーベラスダンス零式,4083015423,,Cerberus Dance (crafted),
サーベラスダンス零式,1181894001,,Cerberus Dance finish (crafted),
ワイルドラウンド,1667539503,PA,Wild Round,
カイザーライズ,4083089437,PA,Kaiser Rise,
アダプトスピン,4083089500,PA,Adapting spin,
通常攻撃(ガンスラッシュ),3318968327,Melee,Gunslash M1,
通常攻撃(ガンスラッシュ),1408075886,Melee,Gunslash M2,
通常攻撃(ガンスラッシュ),2364486899,Melee,Gunslash M3,
通常攻撃(ガンスラッシュ),1405961624,Melee,Gunslash (striking mode) air first normal attack,
通常攻撃(ガンスラッシュ),3342919411,Melee,Gunslash (striking mode) air second normal attack,
通常攻撃(ガンスラッシュ),3800743499,Melee,Gunslash (striking mode) air third normal attack,
通常攻撃(ガンスラッシュ),2125202658,Ranged,Gunslash R1,
通常攻撃(ガンスラッシュ),4276570552,Ranged,Gunslash R2,
通常攻撃(ガンスラッシュ),2867139739,Ranged,Gunslash R3,
ステアタ(ガンスラッシュ),2277392279,Melee,Gunslash Step,
トライインパクト,3316645180,PA,Tri Impact first two hits,
トライインパクト,1956354608,PA,Tri Impact third impact,
トライインパクト零式,2041657518,PA,Tri-Impact Crafted first non-slash hit,
トライインパクト零式,4121081309,PA,Tri Impact Crafted hit,
トライインパクト零式,3770139908,PA,Tri Impact Crafted hit,
トライインパクト零式,1585984604,PA,Tri Impact Crafted hit,
レイジダンス,4069575100,PA,Rage dance stabs,
レイジダンス,2375995786,PA,Rage dance shot,
エインラケーテン,1803337451,PA,Ein Raketen swing,
エインラケーテン,4080719295,PA,Ein Raketen shot,
エインラケーテン零式,867419120,PA,Ein Raketen (type-0) hit,
エインラケーテン零式,2879859001,PA,Ein Raketen (type-0) slash stationary,
エインラケーテン零式,2001154192,PA,Ein Raketen (type-0) slash,
サーペントエア,3780905363,PA,Serpent Air hits,
サーペントエア,3959349048,PA,Serpent Air final hit,
エイミングショット,1657878962,PA,Aiming Shot (uncharged),
エイミングショット,1657879790,PA,Aiming shot (charged),
スリラープロード,3912567547,PA,Thrillsplosion,
スラッシュレイヴ,799003079,PA,Slash rave combo hits,
スラッシュレイヴ,799003014,PA,Slash rave finishing shot part 1,
スラッシュレイヴ,1159428500,PA,Slash rave finishing shot part 2,
スラッシュレイヴ,3180075746,PA,Slash Rave finishing shot part 2 no stagger,
アディションバレット,2250284406,PA,Additional Bullet kick,
アディションバレット,2775356067,PA,Additional Bullet shot,
クライゼンシュラーク,4071330996,PA,Kreisenschlag (some hits),
クライゼンシュラーク,3235361631,PA,Kreisenschlag (other hits),
レーゲンシュラーク,74469442,PA,Regenschlag strike one,
レーゲンシュラーク,74466659,PA,Regenschlag strike two,
レーゲンシュラーク,74468002,PA,Regenschlag triple shot,
シュトレツヴァイ,3169780679,PA,Starzwei melee startup,
シュトレツヴァイ,3169781527,PA,Starzwei melee hits (+range twirl),
シュトレツヴァイ,3169781648,PA,Starzwei melee finisher,
シュトレツヴァイ,3169644227,PA,Ranged version (spin),
通常攻撃(ダブルセイバー),778603760,Melee,Double Saber 1,
通常攻撃(ダブルセイバー),2169426261,Melee,Double Saber 2,
通常攻撃(ダブルセイバー),1915920209,Melee,Double Saber 3,
通常攻撃(ダブルセイバー),3587443201,Melee,Double Saber air first normal attack,
通常攻撃(ダブルセイバー),2489626506,Melee,Double Saber air second normal attack,
通常攻撃(ダブルセイバー),3086213424,Melee,Double Saber air third normal attack,
ステアタ(ダブルセイバー),422538670,Melee,Double Saber Step,
DS かまいたち,2620269130,Special,level 1,
DS かまいたち,2620268940,Special,level 2,
DS かまいたち,2620269005,Special,level 3,
トルネードダンス,1825444869,PA,,
トルネードダンス零式,275226098,PA,,
トルネードダンス零式,3746811944,PA,,
シザーエッジ,1652495452,PA,Scissor Edge initial hit,
シザーエッジ,2998595631,PA,Scissor Edge additional hits,
ランブリングムーン,4252278068,PA,Rumbling moon first four hits,
ランブリングムーン,4115432396,PA,Rumbling moon final hit,
イリュージョンレイヴ,262573151,PA,Illusion Rave (like the first half),
イリュージョンレイヴ,1810428573,PA,Illusion Rave (other half of the hits),
イリュージョンレイヴ,122219643,PA,Illusion Rave (Final hit - third half!!),
フェイクキャプチャ,206972203,PA,Fake Capture hits,
フェイクキャプチャ,207210116,PA,Fake Capture slam dunk,
サプライズダンク,1531593100,PA,Surprise Dunk (first three hits),
サプライズダンク,129472838,PA,Surprise Dunk (dunk portion),
デッドリーアーチャー,4243814605,PA,Deadly Archer,
アクロエフェクト,2726424864,PA,Acro Effect,
デッドリーサークル,1319999679,PA,Deadly Circle,
デッドリーサークル零式,1215958429,PA,Deadly Circle craft,
ケイオスライザー,3025396833,PA,Chaos Riser (no gear),
ケイオスライザー,3025396896,PA,Chaos Riser (Level 2 gear),
ケイオスライザー,3025396960,PA,Chaos Riser,
ハリケーンセンダー,1523926491,PA,Hurricane sender send,
ハリケーンセンダー,524784934,PA,Hurricane sender detonate,
ハリケーンセンダー,1523926426,PA,Hurricane sender send (level2 gear),
ハリケーンセンダー,524782206,PA,Hurricane detonate (level 2 gear),
ハリケーンセンダー,1523926105,PA,Hurricane send (level 2 gear),
ハリケーンセンダー,524782271,PA,Hurricane detonate (*level 3 gear),
通常攻撃(ツインダガー),2378312327,Melee,,
通常攻撃(ツインダガー),2378312320,Melee,,
通常攻撃(ツインダガー),2378312321,Melee,,
通常攻撃(ツインダガー),3816723344,Melee,0 gear air first normal attack,
通常攻撃(ツインダガー),3816723347,Melee,1 gear,
通常攻撃(ツインダガー),3816723346,Melee,2 gear,
通常攻撃(ツインダガー),3816723349,Melee,3 gear,
通常攻撃(ツインダガー),1163229184,Melee,0 gear air second normal attack,
通常攻撃(ツインダガー),1163229191,Melee,1 gear,
通常攻撃(ツインダガー),1163229190,Melee,2 gear,
通常攻撃(ツインダガー),1163229189,Melee,3 gear,
通常攻撃(ツインダガー),1893769682,Melee,0 gear air third normal attack,
通常攻撃(ツインダガー),1893769685,Melee,1 gear,
通常攻撃(ツインダガー),1893769684,Melee,2 gear,
通常攻撃(ツインダガー),1893769687,Melee,3 gear,
ステアタ(ツインダガー),2767975965,Melee,Twin Daggers Step,
Tダガースピン,3115487285,Special,0 gear Twin Daggers Spin,
Tダガースピン,3115487274,Special,1 gear,
Tダガースピン,3115487275,Special,2 gear,
Tダガースピン,3115487272,Special,3 gear,
レイジングワルツ,238277165,PA,Raging Waltz 0 gear,
レイジングワルツ,238277154,PA,Raging Waltz 1 gear,
レイジングワルツ,238277155,PA,Raging Waltz 2 gear,
レイジングワルツ,238277152,PA,Raging Waltz 3 gear,
レイジングワルツ零式,1205859347,PA,Raging Waltz (type-0) 0 gear,
レイジングワルツ零式,1205859348,PA,Raging Waltz (type-0) 1(?) gear,
レイジングワルツ零式,1205859349,PA,Raging Waltz (type-0) 2(?) gear,
レイジングワルツ零式,1205859350,PA,Raging Waltz (type-0) 3(?) gear,
シュートポルカ,2053605232,PA,Shoot Polka 'stage 0' gear,
シュートポルカ,2053605233,PA,Shoot Polka 'stage 1' gear,
シュートポルカ,2053605246,PA,Shoot Polka 'stage 2' gear,
シュートポルカ,2053605247,PA,Shoot Polka 'stage 3' gear,
スケアフーガ,1193225277,PA,Scar Fugue 0 gear first hit,
スケアフーガ,1193225276,PA,1 gear,
スケアフーガ,1193225279,PA,2 gear,
スケアフーガ,1193225278,PA,3 gear,
スケアフーガ,2790036905,PA,Scar Fugue 0 gear second hit,
スケアフーガ,2790036906,PA,1 gear,
スケアフーガ,2790036907,PA,2 gear,
スケアフーガ,2790036908,PA,3 gear,
スケアフーガ,721495005,PA,Scar Fugue 0 gear third hit,
スケアフーガ,721495004,PA,1 gear,
スケアフーガ,721495003,PA,2 gear,
スケアフーガ,721495002,PA,3 gear,
ワイルドラプソディ,3998547224,PA,Wild Rhapsody 'stage 0' gear,
ワイルドラプソディ,3998547225,PA,Wild Rhapsody 'stage 1' gear,
ワイルドラプソディ,3998547226,PA,Wild Rhapsody 'stage 2' gear,
ワイルドラプソディ,3998547227,PA,Wild Rhapsody 'stage 3' gear,
ダークスケルツォ,2711968273,PA,Dark Scherzo 0 gear first two hits,
ダークスケルツォ,2711968272,PA,Dark Scherzo 1 gear,
ダークスケルツォ,2711968287,PA,Dark Scherzo 2 gear,
ダークスケルツォ,2711968286,PA,Dark Scherzo 3 gear,
ダークスケルツォ,2115627931,PA,Dark Scherzo 0 gear final,
ダークスケルツォ,2115627930,PA,Dark Scherzo 1 gear,
ダークスケルツォ,2115627909,PA,Dark Scherzo 2 gear,
ダークスケルツォ,2115627908,PA,Dark Scherzo 3 gear,
クイックマーチ,3438453616,PA,Quick March 0 gear 2 kicks,
クイックマーチ,3438453623,PA,Quick March 1 gear,
クイックマーチ,3438453622,PA,Quick March 2 gear,
クイックマーチ,3438453621,PA,Quick March 3 gear,
クイックマーチ,751181375,PA,Quick March 0-1(?) gear final,
クイックマーチ,751181369,PA,Quick March 2 gear,
クイックマーチ,751181368,PA,Quick March 3 gear,
シンフォニックドライブ,2764513441,PA,0 gear Symphonic Drive first kick,
シンフォニックドライブ,2764513442,PA,1 gear,
シンフォニックドライブ,2764513443,PA,2 gear,
シンフォニックドライブ,2764513444,PA,3 gear,
シンフォニックドライブ,167868454,PA,0 gear Symphonic Drive second kick,
シンフォニックドライブ,167868455,PA,1 gear,
シンフォニックドライブ,167868448,PA,2 gear,
シンフォニックドライブ,167868449,PA,3 gear,
オウルケストラー,120509749,PA,0 gear Orchestra,
オウルケストラー,120509750,PA,1 gear,
オウルケストラー,120509751,PA,2 gear,
オウルケストラー,120509752,PA,3 gear,
オウルケストラー,1362404324,PA,0 gear Orchestra finish,
オウルケストラー,1362404325,PA,1 gear,
オウルケストラー,1362404326,PA,2 gear,
オウルケストラー,1362404327,PA,3 gear,
ブラッディサラバンド,1022160397,PA,Bloody Saranbande 0 gear pt1,
ブラッディサラバンド,1022160396,PA,Bloody Saranbande 1 gear,
ブラッディサラバンド,1022160395,PA,Bloody Saranbande 2 gear,
ブラッディサラバンド,1022160394,PA,Bloody Saranbande 3 gear,
ブラッディサラバンド,1185927985,PA,Bloody Saranbande 0 gear pt2 ground,
ブラッディサラバンド,2745888524,PA,Bloody Saranbande 0 gear pt2 air,
ブラッディサラバンド,2745888515,PA,Bloody Saranbande 1 gear,
ブラッディサラバンド,2745888514,PA,Bloody Saranbande 2 gear,
ブラッディサラバンド,2745888513,PA,Bloody Saranbande 3 gear,
ファセットフォリア,2569859798,PA,Facet Folia 0 gear start,
ファセットフォリア,2569859799,PA,Facet Folia 1 gear,
ファセットフォリア,2569859796,PA,Facet Folia 2 gear,
ファセットフォリア,2569859797,PA,Facet Folia 3 gear,
ファセットフォリア,3225817327,PA,Facet Folia 0 gear combo,
ファセットフォリア,3225817324,PA,Facet Folia 1 gear,
ファセットフォリア,3225817325,PA,Facet Folia 2 gear,
ファセットフォリア,3225817234,PA,Facet Folia 3 gear,
ファセットフォリア,1460149683,PA,Facet Folia 0 gear finish,
ファセットフォリア,1460149681,PA,Facet Folia 1 gear,
ファセットフォリア,1460149686,PA,Facet Folia 2 gear,
ファセットフォリア,1460149680,PA,Facet Folia 3 gear,
フォールノクターン,1622238417,PA,Fall Nocturne 0-1 gear,
フォールノクターン,1622238480,PA,Fall Nocturne 2 gear,
フォールノクターン,1622238547,PA,Fall Nocturne 3 gear,
通常攻撃(ナックル),1325529929,Melee,Knuckles 1,
通常攻撃(ナックル),1539605878,Melee,Knuckles 2,
通常攻撃(ナックル),2996195244,Melee,Knuckles 3,
通常攻撃(ナックル),3833651966,Melee,Knuckles air first normal attack,
通常攻撃(ナックル),3392788140,Melee,Knuckles air second normal attack,
通常攻撃(ナックル),2085169672,Melee,Knuckles air third normal attack,
ステアタ(ナックル),1024789612,Melee,Knuckles Step,
ダッキングブロウ,3490454980,PA,,
フリッカージャブ,2220142187,PA,,
ペンデュラムロール,2800536054,PA,,
スライドアッパー 零式,4153501826,PA,Slide Uppercut (crafted),
スライドアッパー 零式,4153501763,PA,Slide Uppercut (crafted) uncharged,
ストレイトチャージ,3732653666,PA,Straight Charge (first hit) charge,
ストレイトチャージ,3964807003,PA,Straight Charge (after first) charge,
ストレイトチャージ,524347705,PA,Straight Charge (first hit) uncharge,
ストレイトチャージ,2294749657,PA,Straight Charge (after first) uncharge,
ストレイトチャージ零式,3383204495,PA,Straight Charge (Type-0) no charge,
ストレイトチャージ零式,1438955103,PA,Straight Charge (Type-0) charge 1 (activates after 5 hits),
クエイクハウリング,895673964,PA,Quake howling,
サプライズナックル,71364306,PA,Surprise Knuckle,
フラッシュサウザンド,1586239574,PA,Flash Thousand uppercut,
フラッシュサウザンド,3809237665,PA,Flash Thousand jabs,
バックハンドスマッシュ,653244323,PA,Backhand Smash,
バックハンドスマッシュ,653244128,PA,Backhand Smash,
バックハンドスマッシュ,653244002,PA,Backhand Smash,
メテオフィスト,2796397201,PA,Meteor Fist (lots of fists edition),
メテオフィスト,1647551898,PA,Meteor Fist charged (lots of fists),
メテオフィスト,1160708678,PA,Meteor Fist (medium fist no gear),
メテオフィスト,1050511877,PA,Meteor Fist (bigass fist edition),
メテオフィスト,70519939,PA,MEGAFIST,
ハートレスインパクト,1169988911,PA,Heartless Impact part 1,
ハートレスインパクト,63569063,PA,Heartless Impact part 2,
通常攻撃(カタナ),3146534752,Melee,Katana 1,
通常攻撃(カタナ),3146534691,Melee,Katana 2,
通常攻撃(カタナ),3146534882,Melee,Katana 3,
通常攻撃(カタナ),3103989825,Melee,Katana air first normal attack,
通常攻撃(カタナ),3103990658,Melee,Katana air second normal attack,
通常攻撃(カタナ),3103990723,Melee,Katana air third normal attack,
ステアタ(カタナ),3106156042,Melee,Katana Step,
ジャストカウンター,2700168094,Special,Just Counter 0 gear hit,
ジャストカウンター,2700168093,Special,Just Counter 1 gear,
ジャストカウンター,2700168092,Special,Just Counter 2 gear,
ジャストカウンター,4143333980,Special,Just Counter 3 gear,
ジャストカウンター,4136181738,Special,Just Counter (2-3 gear) second hit,
カウンターエッジ,1987114712,Special,Counter Edge 0-1 gear,
カウンターエッジ,4184015666,Special,Counter Edge 2-3 gear,
ツキミサザンカ,3148575588,PA,Tsukimi-sazanka,
ゲッカザクロ,215665118,PA,Gekka-zakuro downswing,
ゲッカザクロ,2160628938,PA,Gekka upswing,
カンランキキョウ,3148575462,PA,Kanran uncharged,
カンランキキョウ,206856796,PA,Kanran charged,
サクラエンド,3148575399,PA,Sakura uncharged,
サクラエンド,206860877,PA,Sakura charged,
サクラエンド零式,3124578212,PA,Sakura-endo (type-0) first hit,
サクラエンド零式,18135230,PA,Sakura-endo (type-0) second hit,
ヒエンツバキ,3148574817,PA,Hien,
アサギリレンダン,3148574752,PA,Asagiri,
アサギリレンダン,3341396290,PA,Asagiri-rendan final hit,
ハトウリンドウ,106956039,PA,Hatou Rindou charged first hit,
ハトウリンドウ,168167719,PA,Hatou Rindou charged second hit,
ハトウリンドウ,3651508774,PA,Hatou uncharged,
ハトウリンドウ,2325733367,PA,Hatou uncharged doublehit,
ハトウリンドウ,273071015,PA,Hatou charged close,
ハトウリンドウ,2209628291,PA,Hatou charged medium,
ハトウリンドウ,1651702934,PA,Hatou charged SWEET SPOOOOT,
シュンカシュンラン,2585461118,PA,Shunka uncharged,
シュンカシュンラン,3513096229,PA,Shunka charged start,
シュンカシュンラン,2264839669,PA,Shunka charged main combo,
シュンカシュンラン,1450022218,PA,Shunka-shunran left/right slash,
シュンカシュンラン,1309789969,PA,Shunka megaslash 1 of 2,
シュンカシュンラン,2017360610,PA,Shunka megaslash 2 of 2,
カザンナデシコ,3148578174,PA,Kazan (uncrafted),
カザンナデシコ零式,2323234226,PA,Kazan (crafted) uncharged,
カザンナデシコ零式,2323234289,PA,Kazan (crafted) stage 1 charge,
カザンナデシコ零式,2323233840,PA,Kazan (crafted) stage 2 charge,
フドウクチナシ,206850016,PA,Fuduo,
グレンテッセン,1776976279,PA,Guren dash,
グレンテッセン,1522008442,PA,Guren slash,
カタナコンバット,156270665,Special,Katana finish slash,
カタナコンバット,4259442013,Special,Katana finish megaslash,
通常攻撃(デュアルブレード),990294516,Melee,Dual Blades first normal attack,
通常攻撃(デュアルブレード),990294325,Melee,Dual Blades second normal attack,
通常攻撃(デュアルブレード),990294387,Melee,Dual Blades third normal attack,
通常攻撃(デュアルブレード),996054556,Melee,Dual Blades air first normal attack,
通常攻撃(デュアルブレード),996054749,Melee,Dual Blades air second normal attack,
通常攻撃(デュアルブレード),996054686,Melee,Dual Blades air third normal attack,
ステアタ(デュアルブレード),991363414,Melee,Dual Blades step attack,
デュアルブレードスナッチ,1317379950,Special,Dual Blade Snatch step ring,
フォトンブレード,3920319747,Special,Photon blades,
フォトンブレード,2866606807,Special,Photon blade fever,
ディストラクトウィング,2674942872,PA,Distraction Wing,
ディストラクトウィング,2674942873,PA,- One gear bar,
ディストラクトウィング,2674942854,PA,- Two gear bars,
ディストラクトウィング,2674942855,PA,- Three gear bars,
ディスパースシュライク,1077400737,PA,Dispersion Strike,
ディスパースシュライク,1077400736,PA,- One gear bar,
ディスパースシュライク,1077400739,PA,- Two gear bars,
ディスパースシュライク,1077400738,PA,- Three gear bars,
ヘブンリーカイト,1536765733,PA,Heavenly Kite (start),
ヘブンリーカイト,1536765732,PA,- One gear bar,
ヘブンリーカイト,1536765735,PA,- Two gear bars,
ヘブンリーカイト,1536765734,PA,- Three gear bars,
ヘブンリーカイト,3702927798,PA,Heavenly Kite (spin),
ヘブンリーカイト,3702927797,PA,- One gear bar,
ヘブンリーカイト,3702927796,PA,- Two gear bars,
ヘブンリーカイト,3702927803,PA,- Three gear bars,
ジャスティスクロウ,770345041,PA,Justice Crow (star forming),
ジャスティスクロウ,770345042,PA,- One gear bar,
ジャスティスクロウ,770345043,PA,- Two gear bars,
ジャスティスクロウ,770345044,PA,- Three gear bars,
ジャスティスクロウ,1549517485,PA,Justice Crow (projectile shot),
ジャスティスクロウ,1549517474,PA,- One gear bar,
ジャスティスクロウ,1549517475,PA,- Two gear bars,
ジャスティスクロウ,1549517472,PA,- Three gear bars,
スターリングフォール,2231885709,PA,Starling Fall (hit 1),
スターリングフォール,2231885710,PA,- One gear bar,
スターリングフォール,2231885711,PA,- Two gear bars,
スターリングフォール,2231885744,PA,- Three gear bars,
スターリングフォール,3810810460,PA,Starling Fall (hit 2),
スターリングフォール,3810810461,PA,- One gear bar,
スターリングフォール,3810810462,PA,- Two gear bars,
スターリングフォール,3810810463,PA,- Three gear bars,
ケストレルランページ,2840651037,PA,Kestral rampage,
ケストレルランページ,2840651036,PA,- One gear bar,
ケストレルランページ,2840651039,PA,- Two gear bars,
ケストレルランページ,2840651038,PA,- Three gear bars,
ケストレルランページ零式,4277013577,PA,Kestrel Rampage craft no gear,
ケストレルランページ零式,4277013576,PA,1 gear,
ケストレルランページ零式,4277013623,PA,2 gear,
ケストレルランページ零式,4277013622,PA,3 gear,
イモータルダーヴ,823939487,PA,Immortal Dove (ground hit part 1),
イモータルダーヴ,823939486,PA,- One gear bar,
イモータルダーヴ,823939485,PA,- Two gear bars,
イモータルダーヴ,823939484,PA,- Three gear bars,
イモータルダーヴ,630801458,PA,Immortal Dove (ground hit part 2),
イモータルダーヴ,630801461,PA,- One gear bar,
イモータルダーヴ,630801460,PA,- Two gear bars,
イモータルダーヴ,630801463,PA,- Three gear bars,
イモータルダーヴ,2263183151,PA,Immortal Dove (air),
イモータルダーヴ,2263183150,PA,- One gear bar,
イモータルダーヴ,2263183145,PA,- Two gear bars,
イモータルダーヴ,2263183144,PA,- Three gear bars,
通常攻撃(バレットボウ),2272169032,Ranged,Bow normal,
通常攻撃(バレットボウ),2272172706,Ranged,Bow normal(charge),
ステアタ(バレットボウ),3762661375,Melee,Step Attack,
マスターシュート,346594595,PA,Master Shot (uncharged),
マスターシュート,346612320,PA,Master Shot (charged),
ペネトレイトアロウ,345271774,PA,Penetrating Arrow (uncharged),
ペネトレイトアロウ,345281053,PA,Penetrating Arrow (charged),
トレンシャルアロウ,347381214,PA,Torrential Arrow (uncharged),
トレンシャルアロウ,347381151,PA,Torrential Arrow (charged),
グラヴィティポイント,3485093660,PA,Gravity Point (uncharged),
グラヴィティポイント,3438287013,PA,Gravity Point suction (uncharged),
グラヴィティポイント,3485092908,PA,Gravity Point (charged),
グラヴィティポイント,3438287076,PA,Gravity Point suction (charged),
カミカゼアロウ,3470042837,PA,Kamikaze Arrow fling,
カミカゼアロウ,3439973719,PA,Kamikaze Arrow rebound,
カミカゼアロウ,3470042646,PA,Kamikaze Arrow fling (charged),
カミカゼアロウ,3439973654,PA,Kamikaze Arrow rebound (charged),
シャープボマー,294311563,PA,Sharp Bomber,
シャープボマー零式,3671759171,PA,Sharp Bomber (Type-0) uncharged,
シャープボマー零式,3671760384,PA,Sharp Bomber (Type-0) charged,
ラストネメシス,3765323771,PA,Final Nemesis,
トリットシューター,294299758,PA,Tritt Shooter kicks,
トリットシューター,294300276,PA,Tritt Shooter shot,
トリットシューター,349059562,PA,Tritt Shooter roundhouse,
トリットシューター零式,349008452,PA,Tritt Shooter (crafted) kicks,
トリットシューター零式,349008990,PA,Tritt Shooter (crafted) shots,
トリットシューター零式,3255472210,PA,Tritt Shooter (crafted) roundhouse,
バニッシュアロウ,348753019,PA,Banishing Arrow,
ミリオンストーム,294264661,PA,Million Storm,
チェイスアロウ,294264342,PA,Chase Arrow,
通常攻撃(アサルトライフル),1856399071,Ranged,Rifle shot,
通常攻撃(アサルトライフル),220156466,Ranged,Rifle Diveroll shoot,
通常攻撃(ウィークバレット),713142898,Special,Weak bullet hit,
バインドバレット,192041748,Special,Bind Bullet (Ra skill),
ピアッシングシェル,220056925,PA,Piercing Shell,
グレネードシェル,220057357,PA,Grenade Shell,
ワンポイント,220057548,PA,One Point,
ディフューズシェル,220057487,PA,Diffuse Shell,
ホーミングエミッション,220057166,PA,Homing Emission (uncrafted),
ホーミングエミッション零式,3857665729,PA,Homing Emission (crafted),
インパクトスライダー,220056584,PA,Impact Slider,
インパクトスライダー,1218987301,PA,Impact Slider (kick),
スニークシューター,220056777,PA,Sneak Shooter,
グローリーレイン,1190704694,PA,Glorious Rain 'start',
グローリーレイン,220056714,PA,Glorious Rain,
パラレルスライダー,220057419,PA,Parallel Slider,
パラレルスライダー零式,3857649477,PA,Parallel Slider (Type-0),
サテライトカノン,2295790933,PA,Satellite Cannon (no charge),
サテライトカノン,2295790868,PA,Satellite Cannon (half charge),
サテライトカノン,2295790295,PA,Satellite Cannon (full charge),
エンドアトラクト,2285537842,PA,End Attraction (no charge),
エンドアトラクト,2285537907,PA,End Attraction (half charge),
エンドアトラクト,2285538736,PA,End Attraction (full charge),
グラビティボム,3695311812,Special,Gravity Bomb,
スタングレネード,506640607,Special,Stun Grenade,
アッパートラップ,2460168075,Special,Upper Trap (Ra skill),
アッパートラップEx,3643936161,Special,Upper Trap (EX Trap) (Ra skill),
ポイズントラップ,3727926333,Special,Poison Trap (Ra skill),
ポイズントラップEx,2794244546,Special,Poison Trap (EX Trap) (Ra skill),
通常攻撃(ランチャー),594271163,Ranged,First,
通常攻撃(ランチャー),594271098,Ranged,Second,
通常攻撃(ランチャー),594270780,Ranged,Third,
通常攻撃(ランチャー),2731320054,Ranged,Dive roll shoot,
ミラージュショット,3433218069,Special,Mirage Shot (Ra skill),
パニックショット,1201754534,Special,Panic Shot (Ra skill),
ジェルンショット,2734794071,Special,Jellen Shot (Ra skill),
ディバインランチャー,2709160760,PA,Divine Launcher,
ディバインランチャー 零式,1445952978,PA,uncharged,
ディバインランチャー 零式,1445953294,PA,charged,
コンセントレイトワン,2709161692,PA,Concentrate One,
クラスターバレット,2709161629,PA,Cluster Bullet,
クラッカーバレット,2219649314,PA,Cracker Bullet (multihit),
クラッカーバレット,2709161566,PA,Cracker Bullet (final),
ゼロディスタンス,2709161503,PA,Zero Distance,
ロデオドライブ,2219642677,PA,Rodeo Drive,
ロデオドライブ,2219641904,PA,Rodeo Drive air start hit,
ロデオドライブ零式,2419129261,PA,Rodeo Drive (type-0) ride,
ロデオドライブ零式,3817341497,PA,Rodeo Drive (type-0) finisher uncharged,
ロデオドライブ零式,3817342330,PA,Rodeo Drive (type-0) finisher charged,
クレイジースマッシュ,2709161368,PA,Crazy Smash (direct enemy),
フェイクシルエット,2219699734,PA,Fake Silhouette,
フレイムバレット,2709161242,PA,Flame Bullet,
コスモスブレイカー,2219596384,PA,Cosmos Breaker,
スフィアイレイザー,2219595324,PA,Sphere Eraser,
通常攻撃(TMG),3132894402,Ranged,First attack (4x) 0 gear,
通常攻撃(TMG),3132894403,Ranged,1 gear,
通常攻撃(TMG),3132894401,Ranged,2 gear,
通常攻撃(TMG),3132894400,Ranged,3 gear,
通常攻撃(TMG),1923738865,Ranged,Second attack (4x) 0 gear,
通常攻撃(TMG),1923738870,Ranged,1 gear,
通常攻撃(TMG),1923738868,Ranged,2 gear,
通常攻撃(TMG),1923738871,Ranged,3 gear,
通常攻撃(TMG),1901223401,Ranged,Third attack (5x) 0 gear,
通常攻撃(TMG),1901223406,Ranged,1 gear,
通常攻撃(TMG),1901223404,Ranged,2 gear,
通常攻撃(TMG),1901223407,Ranged,3 gear,
通常攻撃(TMG),2297353124,Ranged,Dive roll shoot 0 gear,
通常攻撃(TMG),2297352795,Ranged,1 gear,
通常攻撃(TMG),2297352794,Ranged,2 gear,
通常攻撃(TMG),2297352793,Ranged,3 gear,
通常攻撃(TMG),2594009166,Ranged,S-roll shoot 0 gear,
通常攻撃(TMG),2594009167,Ranged,1 gear,
通常攻撃(TMG),2594009160,Ranged,2 gear,
通常攻撃(TMG),2594009161,Ranged,3 gear,
アナザーSロールアーツ,534488752,Ranged,S-Roll shoot 0 gear (Another S-Roll Arts Mode) (Gu skill),
アナザーSロールアーツ,2628225583,Ranged,S-Roll shoot 1 gear (Another S-Roll Arts Mode) (Gu skill),
アナザーSロールアーツ,3710533329,Ranged,S-Roll shoot 2 gear (Another S-Roll Arts Mode) (Gu skill),
アナザーSロールアーツ,2718316197,Ranged,S-Roll shoot 3 gear (Another S-Roll Arts Mode) (Gu skill),
エリアルシューティング,891590654,PA,Aerial shooting (uncharged kick) 0 gear,
エリアルシューティング,891590641,PA,1 gear,
エリアルシューティング,891590640,PA,2 gear,
エリアルシューティング,891590643,PA,3 gear,
エリアルシューティング,4004748150,PA,Aerial shooting (charged launch) 0 gear,
エリアルシューティング,4004748151,PA,1 gear,
エリアルシューティング,4004748144,PA,2 gear,
エリアルシューティング,4004748145,PA,3 gear,
エリアルシューティング,4004760231,PA,Aerial shooting (first air hit) 0 gear,
エリアルシューティング,4004760230,PA,1 gear,
エリアルシューティング,4004760225,PA,2 gear,
エリアルシューティング,4004760224,PA,3 gear,
エリアルシューティング,4004772370,PA,Aerial shooting (second air hit) 0 gear,
エリアルシューティング,4004772369,PA,1 gear,
エリアルシューティング,4004772368,PA,2 gear,
エリアルシューティング,4004772375,PA,3 gear,
バレットスコール,3463411283,PA,Bullet Squall start (uncrafted) 0 gear,
バレットスコール,3463411282,PA,1 gear,
バレットスコール,3463411293,PA,2 gear,
バレットスコール,3463411292,PA,3 gear,
バレットスコール,443425897,PA,Bullet Squall shots (uncrafted) 0 gear,
バレットスコール,443425896,PA,1 gear,
バレットスコール,443425899,PA,2 gear,
バレットスコール,443425898,PA,3 gear,
デッドアプローチ,232817712,PA,Dead Approach 0 gear,
デッドアプローチ,232817719,PA,1 gear,
デッドアプローチ,232817718,PA,2 gear,
デッドアプローチ,232817717,PA,3 gear,
メシアタイム,3991628327,PA,Messiah Time (every shot) 0 gear,
メシアタイム,3991628324,PA,1 gear,
メシアタイム,3991628325,PA,2 gear,
メシアタイム,3991628330,PA,3 gear,
インフィニティファイア,3134942095,PA,Infinite Fire (initial volley) 0 gear,
インフィニティファイア,3134942094,PA,1 gear,
インフィニティファイア,3134942093,PA,2 gear,
インフィニティファイア,3134942092,PA,3 gear,
インフィニティファイア,879653107,PA,Infinite Fire (final volley) 0 gear,
インフィニティファイア,879653104,PA,1 gear,
インフィニティファイア,879653105,PA,2 gear,
インフィニティファイア,879653110,PA,3 gear,
インフィニティファイア零式,1612843143,PA,Infinite Fire craft 0 gear shots,
インフィニティファイア零式,2004097432,PA,kick,
インフィニティファイア零式,1345025835,PA,final blast,
インフィニティファイア零式,1612843192,PA,1 gear shots,
インフィニティファイア零式,2004097433,PA,kick,
インフィニティファイア零式,1345025834,PA,final blast,
インフィニティファイア零式,1612843193,PA,2 gear shots,
インフィニティファイア零式,2004097434,PA,kick,
インフィニティファイア零式,1345025833,PA,blast,
インフィニティファイア零式,1612843194,PA,3 gear shots,
インフィニティファイア零式,2004097435,PA,kick,
インフィニティファイア零式,1345025832,PA,final blast,
サテライトエイム,1770510361,PA,Satellite Aim (hit 1) 0 gear,
サテライトエイム,1770510366,PA,1 gear,
サテライトエイム,1770510367,PA,2 gear,
サテライトエイム,1770510364,PA,3 gear,
サテライトエイム,2273182629,PA,Satellite Aim (hit 2) 0 gear,
サテライトエイム,2273181786,PA,1 gear,
サテライトエイム,2273181787,PA,2 gear,
サテライトエイム,2273181784,PA,3 gear,
エルダーリベリオン,1108337397,PA,Elder Rebellion (5 hits) 0 gear,
エルダーリベリオン,1108337396,PA,1 gear,
エルダーリベリオン,1108337395,PA,2 gear,
エルダーリベリオン,1108337394,PA,3 gear,
エルダーリベリオン,4042421111,PA,Elder Rebellion (2 blasts) 0 gear,
エルダーリベリオン,4042421110,PA,1 gear,
エルダーリベリオン,4042421105,PA,2 gear,
エルダーリベリオン,4042421104,PA,3 gear,
エルダーリベリオン,3412194152,PA,Elder Rebellion (final blast) 0 gear,
エルダーリベリオン,3412194159,PA,1 gear,
エルダーリベリオン,3412194158,PA,2 gear,
エルダーリベリオン,3412194157,PA,3 gear,
リバースタッブ,1550097800,PA,Reverse tap 0 gear,
リバースタッブ,1550097807,PA,1 gear,
リバースタッブ,1550097806,PA,2 gear,
リバースタッブ,1550097805,PA,3 gear,
ヒールスタッブ,2371693862,PA,Heel Stab (first kick) 0 gear,
ヒールスタッブ,2371693863,PA,1 gear,
ヒールスタッブ,2371693860,PA,2 gear,
ヒールスタッブ,2371693861,PA,3 gear,
ヒールスタッブ,4134662873,PA,Heel Stab (uncharged second) 0 gear,
ヒールスタッブ,4134662878,PA,1 gear,
ヒールスタッブ,4134662879,PA,2 gear,
ヒールスタッブ,4134662876,PA,3 gear,
ヒールスタッブ,1163390941,PA,Heel Stab (charged second) 0 gear,
ヒールスタッブ,1163390930,PA,1 gear,
ヒールスタッブ,1163390931,PA,2 gear,
ヒールスタッブ,1163390928,PA,3 gear,
ヒールスタッブ,148870087,PA,Heel Stab (charged volley) 0 gear,
ヒールスタッブ,148870086,PA,1 gear,
ヒールスタッブ,148870081,PA,2 gear,
ヒールスタッブ,148870080,PA,3 gear,
シフトピリオド,3102409757,PA,Shift Period 0 gear,
シフトピリオド,3102409758,PA,Shift Period 1 gear,
シフトピリオド,3102409759,PA,Shift Period 2 gear,
シフトピリオド,3102409728,PA,Shift Period 3 gear,
シフトピリオド,2107489028,PA,Shift Period 0 gear,
シフトピリオド,2107489029,PA,Shift Period 1 gear,
シフトピリオド,2107489030,PA,Shift Period 2 gear,
シフトピリオド,2107489031,PA,Shift Period 3 gear,
シフトピリオド,2928127116,PA,Shift Period 0 gear,
シフトピリオド,2928127107,PA,Shift Period 1 gear,
シフトピリオド,2928127106,PA,Shift Period 2 gear,
シフトピリオド,2928127105,PA,Shift Period 3 gear,
シフトピリオド,4206265008,PA,Shift Period 0 gear,
シフトピリオド,4206265011,PA,Shift Period 1 gear,
シフトピリオド,4206265010,PA,Shift Period 2 gear,
シフトピリオド,4206265013,PA,Shift Period 3 gear,
シフトピリオド,2869490729,PA,Shift Period 0 gear final shot,
シフトピリオド,2869490728,PA,Shift Period 1 gear final shot,
シフトピリオド,2869490902,PA,Shift Period 2 gear final shot,
シフトピリオド,2869490903,PA,Shift Period 3 gear final shot,
グリムバラージュ,896218141,PA,Grim Barrage 0 gear,
グリムバラージュ,896218140,PA,1 gear,
グリムバラージュ,896218139,PA,2 gear,
グリムバラージュ,896218138,PA,3 gear,
グリムバラージュ,1235843178,PA,Grim Barrage (part 2) 0 gear,
グリムバラージュ,1235843181,PA,1 gear,
グリムバラージュ,1235843180,PA,2 gear,
グリムバラージュ,1235843183,PA,3 gear,
通常攻撃(ジェットブーツ),3540874879,Melee,First Attack,
通常攻撃(ジェットブーツ),2778548652,Melee,Second Attack,
通常攻撃(ジェットブーツ),3614558463,Melee,Third Attack,
ステアタ(ジェットブーツ),798466786,Melee,Step Attack,
通常攻撃(ジェットブーツ),2184540187,Melee,Shift Action,
通常攻撃(ジェットブーツ),747815998,Special,Jump hit (Fire),
通常攻撃(ジェットブーツ),1254493977,Special,Jump hit (Ice),
通常攻撃(ジェットブーツ),3280158646,Special,Jump hit (Lightning),
通常攻撃(ジェットブーツ),2954183594,Special,Jump hit (Wind),
通常攻撃(ジェットブーツ),1853582271,Special,Jump hit (Light),
通常攻撃(ジェットブーツ),580662444,Special,Jump hit (Dark),
ストライクガスト,2440471691,PA,Strike Gust (uncharged first two),
ストライクガスト,3982071982,PA,Strike Gust (uncharged final),
ストライクガスト,2049018178,PA,Strike Gust (half charge first three),
ストライクガスト,2476784422,PA,Strike Gust (half charge final),
ストライクガスト,1301043509,PA,Strike Gust (charged first four),
ストライクガスト,3955365271,PA,Strike Gust (final),
ストライクガスト,3088217635,PA,Strike Gust (interrupt),
ストライクガスト零式,1462163353,PA,Strike Gust (Type-0) first charge,
ストライクガスト零式,2869687889,PA,Strike Gust (Type-0) first charge shift action,
ストライクガスト零式,1071365573,PA,Strike Gust (Type-0) second charge,
ストライクガスト零式,452976794,PA,Strike Gust (Type-0) second charge shift action first hit,
ストライクガスト零式,1808168665,PA,Strike Gust (Type-0) second charge shift action,
グランウェイヴ,424716447,PA,Gran Wave (first kick),
グランウェイヴ,3764244857,PA,Gran Wave (kick volle),
グランウェイヴ,228498928,PA,Gran Wave final kick,
グランウェイヴ,147222821,PA,Gran Wave (interrupt),
モーメントゲイル,1327336062,PA,Moment Gale,
モーメントゲイル,4236946851,PA,Moment Gale (interrupt part 1),
ヴィントジーカー,4124802045,PA,Vinto (explode),
ヴィントジーカー,2398433897,PA,Vinto (explode any gear),
ヴィントジーカー,3958422470,PA,Vinto (kick),
ヴィントジーカー,1528400162,PA,Vinto (kick half gear),
ヴィントジーカー,3849186397,PA,Vinto Gigue (full gear explosion),
ヴィントジーカー,598735040,PA,Vinto (kick full gear),
エレメンタルバースト,844099599,Special,Fire Elemental Burst (Bo skill),
エレメンタルバースト,436531970,Special,Ice Elemental Burst (Bo skill),
エレメンタルバースト,3183103116,Special,Lightning Elemental Burst (Bo skill),
エレメンタルバースト,3999693063,Special,Wind Elemental Burst (Bo skill),
エレメンタルバースト,1812915089,Special,Light Elemental Burst (Bo skill),
エレメンタルバースト,606506553,Special,Dark Elemental Burst (Bo skill),
通常攻撃(タクト),4065469038,Melee,Baton attack,
通常攻撃(ワンダ),2785585589,Melee,Wanda auto-attack 1,
通常攻撃(ワンダ),2785585652,Melee,Wanda auto-attack 2,
通常攻撃(ワンダ),2785585714,Melee,Wanda auto-attack 3,
ワンダアサルト,933681441,PA,Wanda Assault,
ワンダブレイク,3960069561,PA,Wanda Break,
ワンダショック,3960069496,PA,Wanda Shock,
ワンダパルサー,933701936,PA,Wanda Pulsar,
ワンダパルサー,4223323079,PA,Wanda Pulsar,
ワンダスライサー,2918501417,PA,Wanda Slicer,
ワンダスライサー,2918501480,PA,Wanda Slicer,
通常攻撃(サリィ),639929291,Melee,Cery auto-attack 1,
サリィプロード,2156897712,PA,Cery Plode,
サリィ/ポップルテリトリー,493814577,PA,Cery/Popple Territory,
サリィ/ポップルテリトリー,493814640,PA,Cery/Popple Territory power-up,
サリィカース,3581010262,PA,Cery Curse,
サリィフォール,385030021,PA,Cery Fall,
サリィチェイサー,385050960,PA,Cery Chaser,
通常攻撃(トリム),487482498,Melee,Trim auto-attack 1,
通常攻撃(トリム),487482435,Melee,Trim auto-attack 2,
通常攻撃(トリム),487489051,Melee,Trim auto-attack 3,
トリムスタッブ,4093858806,PA,Trim Stab,
トリムスパイラル,2211899418,PA,Trim Spiral (uncharged),
トリムスパイラル,2211899483,PA,Trim Spiral (charge lv.1),
トリムスパイラル,926005986,PA,Trim Spiral (charge lv.1 & Trim Shout version),
トリムスパイラル,2211900312,PA,Trim Spiral (charge lv.2),
トリムスパイラル,926861457,PA,Trim Spiral (charge lv.2 & Trim Shout version),
トリムバレット,672081019,PA,Trim Bullet first hit,
トリムバレット,2052351310,PA,Trim Bullet wing melee hit,
トリムバレット,4238918539,PA,Trim Bullet poison/burnlike damage,
トリムバレット,4238918472,PA,Trim Bullet poison/burnlike damage (Trim Shout version),
トリムシャウト,4093858743,PA,Trim Shout,
トリムスラッシュ,4093858613,PA,Trim Slash,
トリムスラッシュ,672024361,PA,Trim Slash (Trim Shout version),
通常攻撃(マロン),2944355330,Melee,Maron first normal attack,
通常攻撃(マロン),2944352598,Melee,Maron second normal attack,
通常攻撃(マロン),2944352663,Melee,Maron third normal attack,
マロンストライク,3595323408,PA,Maron Strike,
マロンストライク,3595323990,PA,Maron Strike charge 1,
マロンストライク,3595323799,PA,Maron Strike charge 2,
マロンストライク(暴発),4118650930,PA,Maron Strike explosion,
マロンブレイク,115059488,PA,Maron Break,
マロンチェイサー,115059427,PA,Maron Chaser,
マロンカース,1099252288,PA,Maron Curse first hit,
マロンカース,1102156943,PA,Maron Curse,
マロン&メロン爆発死,3460765776,PA,Maron/Melon Strike pet damage taken,
通常攻撃(メロン),2920779330,PA,Melon first normal attack,
通常攻撃(メロン),2920778756,PA,Melon second normal attack,
通常攻撃(メロン),2920778949,PA,Melon third normal attack,
メロンストライク,3889466000,PA,Melon Strike,
メロンストライク,3889465937,PA,Melon Strike charge 1,
メロンストライク,3889465879,PA,Melon Strike charge 2,
メロンストライク(暴発),1160289435,PA,Melon Strike explosion,
メロンブレイク,3771080959,PA,Melon Break,
メロンチェイサー,3771080766,PA,Melon Chaser,
メロンカース,745748621,PA,Melon Curse first hit,
メロンカース,745791480,PA,Melon Curse,
通常攻撃(ラッピー),2042365716,Melee,Rappy (pet) normal attack,
ラッピーメロディー,3463249617,PA,Rappy Melody attack (pet),
ラッピーメロディー,12316684,PA,Rappy Melody heal (pet),
ラッピードロップ,1380676151,PA,Rappy Drop (pet),
ラッピーキャノン,1380677110,PA,Rappy Cannon (pet),
ラッピーソニック,401389881,PA,Rappy Sonic (pet),
ラッピーエンド,1793658679,PA,Rappy End stage 1 (pet),
ラッピーエンド,1793658742,PA,Rappy End stage 2 (pet),
ラッピーエンド,1793658549,PA,Rappy End stage 3 (pet),
通常攻撃(ヴィオラ),1596394370,Melee,Viola first normal attack,
通常攻撃(ヴィオラ),1596394307,Melee,Viola second normal attack,
通常攻撃(ヴィオラ),1596393984,Melee,Viola third normal attack,
ヴィオラスライサー,4259075413,PA,Viola Slicer first hit,
ヴィオラスライサー,4259075094,PA,Viola Slicer second hit,
ヴィオラスタンプ,555203454,PA,Viola Stamp,
ヴィオラスタンプ,4244643339,PA,Viola Stamp hard hit,
ヴィオラパルサー,555201434,PA,Viola Pulsar first hit,
ヴィオラパルサー,201300655,PA,Viola Pulsar burn/poisonlike damage,
ヴィオラアサルト,555201499,PA,Viola Assault,
ヴィオラスライサー,2643918256,PA,Viola Slicer first hit (Viola Change'd version),
ヴィオラスライサー,2643918193,PA,Viola Slicer second hit (Viola Change'd version),
ヴィオラスタンプ,4259879100,PA,Viola Stamp (Viola Change'd version),
ヴィオラスタンプ,375503608,PA,Viola Stamp hard hit (Viola Change'd version),
ヴィオラパルサー,4234893896,PA,Viola Pulsar first hit (Viola Change'd version),
ヴィオラパルサー,444146511,PA,Viola Pulsar burn/poisonlike damage (Viola Change'd version),
ヴィオラアサルト,4235149933,PA,Viola Assault (Viola Change'd version),
通常攻撃(シンクロウ),1147655708,Melee,Synchro first normal hit,
通常攻撃(シンクロウ),1147655711,Melee,Synchro second normal hit,
通常攻撃(シンクロウ),1147655710,Melee,Synchro third normal hit,
シンクロウザン,2368496396,PA,Synchro Zan,
シンクロウザン,932657263,PA,Synchro Zan PA succession,
シンクロウキャク,2368496330,PA,Synchro Kyaku,
シンクロウキャク,1954712103,PA,Synchro Kyaku PA succession,
シンクロウケン,2368496267,PA,Synchro Ken,
シンクロウケン,3201748996,PA,Synchro Ken PA succession,
シンクロウダン,2368496200,PA,Synchro Dan,
シンクロウダン,4256887742,PA,Synchro Dan PA succession,
シンクロウゲキ,2905893090,PA,Synchro Geki,
シンクロウゲキ,2905888420,PA,Synchro Geki 2 PA succession,
シンクロウゲキ,2905888357,PA,Synchro Geki 3 PA succession,
シンクロウゲキ,2905888294,PA,Synchro Geki 4 PA succession,
通常攻撃(ジンガ),2981353400,Melee,Jinga first normal attack,
通常攻撃(ジンガ),2981353465,Melee,Jinga second normal attack,
通常攻撃(ジンガ),2981351487,Melee,Jinga third normal attack,
ジンガスライサー,3467827123,PA,Jinga Slicer first hit,
ジンガスライサー,3467827186,PA,Jinga Slicer second hit,
ジンガショック,2252116314,PA,Jinga Shock,
ジンガブレイク,2252115978,PA,Jinga Break,
ジンガパルサー,3369486556,PA,Jinga Pulsar,
ジンガパルサー,3606184590,PA,Jinga Pulsar hard hit,
ジンガアサルト,3369572495,PA,Jinga Assault,
通常攻撃(ポップル),578161427,Melee,Popple normal attack,
ポップルプロード,2622073432,PA,Popple Splode uncharged,
ポップルプロード,850642716,PA,Popple Splode charged,
ポップルフォール,1711861634,PA,Popple Fall,
ポップルチェイサー,1711859717,PA,Popple Chaser,
ポップルカース,3737792897,PA,Popple Curse,
通常攻撃(エアロ),37070160,Melee,Aero first normal attack,
通常攻撃(エアロ),37070227,Melee,Aero second normal attack,
通常攻撃(エアロ),37070290,Melee,Aero third normal attack,
エアロシャウト,772156432,PA,Aero Shout,
エアロスタッブ,772155588,PA,Aero Stab,
エアロスラッシュ,772155525,PA,Aero Slash,
エアロスラッシュ,88413264,PA,Aero Slash (Aero Shout version),
エアロスパイラル,4119800976,PA,Aero Spiral uncharged,
エアロスパイラル,4119798486,PA,Aero Spiral first charge,
エアロスパイラル,663625842,PA,Aero Spiral first charge afterwave,
エアロスパイラル,3404526192,PA,Aero Spiral first charge (Aero Shout version),
エアロスパイラル,2888644253,PA,Aero Spiral first charge afterwave (Aero Shout version),
エアロスパイラル,4119798295,PA,Aero Spiral second charge,
エアロスパイラル,647460626,PA,Aero Spiral second charge afterwave,
エアロスパイラル,3404513889,PA,Aero Spiral second charge (Aero Shout version),
エアロスパイラル,1798066999,PA,Aero Spiral second charge afterwave (Aero Shout version),
エアロバレット,88471088,PA,Aero Bullet first hit,
エアロバレット,3446126836,PA,Aero Bullet,
エアロバレット,3446127031,PA,Aero Bullet (Aero Shout version),
エアロバレット,2572277765,PA,Aero Bullet melee hit,
通常攻撃(レドラン),2131775436,Melee,Redran normal attack,
レドランレーザー,1219413769,PA,Redran Laser 1-3 lock-on,
レドランレーザー,1219413832,PA,Redran Laser 4-7 lock-on,
レドランレーザー,1219413643,PA,Redran Laser 8 lock-on,
レドランスラッシュ,4244805011,PA,Redran Slash,
レドランマイン,4244805205,PA,Redran Mine hit,
レドランマイン,1312015390,PA,Redran Mine explosion,
レドランバースト,1282005173,PA,Redran Burst 1-3 balls,
レドランバースト,1282005238,PA,Redran Burst 4-7 balls,
レドランバースト,1282005047,PA,Redran Burst 8 balls,
通常攻撃(ヒーローソード),2444771520,Melee,Hero Sword first normal attack,Hr
通常攻撃(ヒーローソード),2444771715,Melee,Hero Sword second normal attack,Hr
通常攻撃(ヒーローソード),2832347180,Melee,Hero Sword third normal attack first hit,Hr
通常攻撃(ヒーローソード),2832347245,Melee,Hero Sword third normal attack second hit,Hr
通常攻撃(ヒーローソード),2441204331,Melee,Hero Sword first normal attack air,Hr
通常攻撃(ヒーローソード),2441204394,Melee,Hero Sword second normal attack air,Hr
通常攻撃(ヒーローソード),3756260250,Melee,Hero Sword third normal attack first hit air,
通常攻撃(ヒーローソード),3756260700,Melee,Hero Sword third normal attack second hit air,
ステアタ(ヒーローソード),2448594388,Melee,Hero Sword Step Attack,
ステアタ(ヒーローソード),2094998893,Melee,Hero Sword Step Attack after dodge (Hero Counter) (Hr skill),
気弾,3043390195,Special,Hero Sword Weapon Action no charge,
気弾,4293352220,Special,Hero Sword Weapon Action charge lv.1,
気弾,669993200,Special,Hero Sword Weapon Action charge lv.2 (Aura High Charge) (Hr skill),
ライジングスラッシュ,717168700,PA,Rising Slash start,
ライジングスラッシュ,1830196905,PA,Rising Slash slashes,
ライジングスラッシュ,3710313763,PA,Rising Slash final part first hit,
ライジングスラッシュ,3710313824,PA,Rising Slash final part second hit,
ライジングスラッシュ,2089764912,PA,Rising Slash final part final hit,
ライジングスラッシュ,718899304,PA,Rising Slash start air,
ブライトネスエンド,718820347,PA,Brightness End first hit,
ブライトネスエンド,346766635,PA,Brightness End slash,
フラッシュオブトリック,715425742,PA,Flash Trick weapon hit,
フラッシュオブトリック,715424670,PA,Flash Trick finish,
ヴェイパーオブバレット,673837877,PA,Vapor Bullet,
通常攻撃(ヒーロータリス),3317919827,Ranged,Hero Talis first normal attack,
通常攻撃(ヒーロータリス),3317921051,Ranged,Hero Talis second normal attack,
通常攻撃(ヒーロータリス),3317921242,Ranged,Hero Talis third normal attack,
マーキング(ヒーロータリス),1159592166,Ranged,Hero Talis Weapon Action hit,
ステアタ(ヒーロータリス),3318755300,Ranged,Hero Talis Step Attack,
ステアタ(ヒーロータリス),1089593935,Ranged,Hero Talis Step Attack after dodge (Hero Counter) (Hr skill),
ステアタ(ヒーロータリス),4105920492,Ranged,Hero Talis Step Attack after dodge (Hero Counter) (Hr skill),
ジェットホイール,1736785343,PA,Jet Wheel talis hit(s),
ジェットホイール,3161437904,PA,Jet Wheel aoe,
ジェットホイール,2852176964,PA,Jet Wheel when switched to Sword,
ジェットホイール,2852180670,PA,Jet Wheel when switched to Twin Machine Guns,
ワイズハウンド,209487851,PA,Wise Hound,
ワイズハウンド,507041974,PA,Wise Hound when switched to Sword,
ワイズハウンド,507041839,PA,Wise Hound when switched to Twin Machine Guns,
ダイブオブバレット,1342643252,PA,Dive Bullet,
レーサーオブエッジ,1422891855,PA,Racer Edge,
通常攻撃(ヒーローTMG),1403081519,Ranged,Hero Twin Machine Guns normal attack,Hr
ステアタ(ヒーローTMG),2834748182,Ranged,Hero Twin Machine Guns Step Attack,Hr
ステアタ(ヒーローTMG),1905792389,Ranged,Hero Twin Machine Guns Step Attack after dodge (Hero Counter) (Hr skill),Hr
ブランニュースター,2832005595,PA,Brand New Star,Hr
ブランニュースター,1399183080,PA,Brand New Star after dodge,Hr
ファイナルストーム,2832005530,PA,Final Storm,Hr
セカンドオブエッジ,2832005465,PA,Second Edge,Hr
モーメントオブトリック,2832005400,PA,Moment Trick,Hr
武器切り替え(ヒーローソード),2817683590,Melee,Switch to Sword,Hr
武器切り替え(ヒーロータリス),1591095807,Ranged,Switch to Talis,Hr
武器切り替え(ヒーローTMG),2461200579,Ranged,Switch to Twin Machine Guns,Hr
HTF (ヒーローソード),2268332858,Special,Hero Time Sword slashes (Hr skill),Hr
HTF (ヒーローソード),170999070,Special,Hero Time Sword finish (Hr skill),Hr
HTF (ヒーローソード),2268332813,Special,Hero Time Sword finish hard hit (Hr skill),Hr
HTF (ヒーロータリス),1266101764,Special,Hero Time Talis pull-in (Hr skill),Hr
HTF (ヒーロータリス),11556353,Special,Hero Time Talis slashes (Hr skill),Hr
HTF (ヒーロータリス),1233721870,Special,Hero Time Talis slashes while switched to Sword (Hr skill),Hr
HTF (ヒーロータリス),1233722348,Special,Hero Time Talis slashes while switched to Twin Machine Guns (Hr skill),Hr
HTF (ヒーローTMG),3480338695,Special,Hero Time Twin Machine Guns burst (Hr skill),Hr
ネクストジャンプ,3274240781,Special,Next Jump (Hr skill),
通常攻撃(Phカタナ),973258663,Melee,Phantom Katana first normal attack,
通常攻撃(Phカタナ),973258596,Melee,Phantom Katana second normal attack,
通常攻撃(Phカタナ),973258533,Melee,Phantom Katana third normal attack,
通常攻撃(Phカタナ),840700311,Melee,Phantom Katana air first normal attack,
通常攻撃(Phカタナ),840699985,Melee,Phantom Katana air second normal attack,
通常攻撃(Phカタナ),840699920,Melee,Phantom Katana air third normal attack,
ステアタ(Phカタナ),980427043,Melee,Phantom Katana Step Attack,
ファントムシフト(カタナ),4188914875,Special,Phantom Katana Weapon Action,
DCS(カタナ),2765954690,Special,Dodge Counter Shot (Katana) (Ph skill),
シュメッターリング,987960113,PA,Schmetterling first 2 hits,
シュメッターリング,1599479410,PA,Schmetterling,
シュメッターリングSh,1599478186,PA,Schmetterling (Shift Action),
シュメッターリングSh,3569709951,PA,Schmetterling (Shift Action) slashes?,
ヴォルケンクラッツァー,1599486311,PA,Wolkenkrazter,
ヴォルケンクラッツァー,987960240,PA,Wolkenkrazter aoe,
ヴォルケンクラッツァーSh,2011111966,PA,Wolkenkrazter (Shift Action),
フォルターツァイト,987960176,PA,Folter Zeit,
フォルターツァイト,1599475427,PA,Folter Zeit finish,
フォルターツァイトSh,1599473979,PA,Folter Zeit (Shift Action),
ローゼシュヴェルト,654363349,PA,Rose Schwert start,
ローゼシュヴェルト,3569459368,PA,Rose Schwert,
ローゼシュヴェルト,3569459369,PA,Rose Schwert,
ローゼシュヴェルト,3569459371,PA,Rose Schwert,
ローゼシュヴェルトSh,1398920256,PA,Rose Schwert (Shift Action),
ローゼシュヴェルトSh,1705644539,PA,Rose Schwert (Shift Action) rift,
ファントムマーカー(カタナ),2907201045,Special,Phantom Marker (Katana) explosion charge lv.1,
ファントムマーカー(カタナ),2907201492,Special,Phantom Marker (Katana) explosion charge lv.2,
PTF(カタナ),3695463316,Special,Phantom Time (Katana),
PTF(カタナ),975125104,Special,Phantom Time (Katana) final,
通常攻撃(Phライフル),2491562758,Ranged,Phantom Assault Rifle first normal attack,
通常攻撃(Phライフル),2491562565,Ranged,Phantom Assault Rifle second first normal attack,
通常攻撃(Phライフル),2491562628,Ranged,Phantom Assault Rifle third first normal attack,
ステアタ(Phライフル),1999947508,Ranged,Phantom Assault Rifle Step Attack,
ファントムシフト(ライフル),3089109531,Special,Assault Rifle Weapon Action,
ファントムシフト(ライフル),2014302715,Special,Assault Rifle Weapon Action charged,
DCS(ライフル),2600842557,Special,Dodge Counter Shot (Assault Rifle) (Ph skill),
クーゲルシュトゥルム,2215020097,PA,Kugelsturm first volley,
クーゲルシュトゥルム,2215020162,PA,Kugelsturm,
クーゲルシュトゥルムSh,3158383588,PA,"Kugelsturm (Shift Action) ""lots of hits""",
クーゲルシュトゥルムSh,1640997085,PA,Kugelsturm (Shift Action) finish,
フェアブレッヒェン,4290111736,PA,Verbrechen,
フェアブレッヒェン,4290111408,PA,Verbrechen sideways,0
フェアブレッヒャンSh,3151257398,PA,Verbrechen (Shift Action),
ナハトアングリフ,3220962891,PA,Nachtangriff,
ナハトアングリフ,3220962310,PA,Nachtangriff projectile,
ナハトアングリフSh,4046511708,PA,Nachtangriff (Shift Action),
シュトラーフェ,3288338193,PA,Strafe,
シュトラーフェSh,4213673767,PA,Strafe (Shift Action),
ファントムマーカー(ライフル),3786184050,Special,Phantom Marker (Assault Rifle) explosion charge lv.1 (Ph skill),
ファントムマーカー(ライフル),3785421997,Special,Phantom Marker (Assault Rifle) explosion charge lv.2 (Ph skill),
PTF(ライフル),2243620231,Special,Phantom Time (Assault Rifle) (Ph skill),
PTF(ライフル),1412080400,Special,Phantom Time (Assault Rifle) final (Ph skill),
通常攻撃(Phロッド),2953139672,Melee,Phantom Rod first normal attack,
通常攻撃(Phロッド),2953139611,Melee,Phantom Rod second normal attack,
通常攻撃(Phロッド),2953139290,Melee,Phantom Rod third normal attack,
ステアタ(Phロッド),2998890418,Melee,Phantom Rod Step Attack,
ファントムシフト(ロッド),1431710595,Special,Phantom Rod Weapon Action,
ファントムシフト(ロッド),421953627,Special,Phantom Rod Weapon Action charged,
テク追撃(ファントム),2999731584,Special,Phantom Tech Casted from Rod,
DCS(ロッド),3301900032,Special,Dodge Counter Shot (Rod) (Ph skill),
ルーフコンツェルト,1579409293,PA,Ruf Konzert first hit,
ルーフコンツェルト,1579408972,PA,Ruf Konzert second,
ルーフコンツェルト,1579408900,PA,Ruf Konzert third,
ルーフコンツェルト,3522834748,PA,Ruf Konzert slash,
ルーフコンツェルトSh,3406878835,PA,Ruf Konzert (Shift Action) hit,
ルーフコンツェルトSh,1429241745,PA,Ruf Konzert (Shift Action) slash,
シュヴァルツカッツェ,3406887572,PA,Schwarze Katze,
シュヴァルツカッツェSh,3406887761,PA,Schwarze Katze (Shift Action),
フェルカーモルト,1579594570,PA,Voelkermord ball charge lv.1,
フェルカーモルト,1579594507,PA,Voelkermord ball charge lv.2,0
フェルカーモルト,2670384126,PA,Voelkermord explosion lv.1,
フェルカーモルト,1050889844,PA,Voelkermord explosion lv.2,0
フェルカーモルトSh,1579574174,PA,Voelkermord (Shift Action) AoE,
アイゼンフリューゲル,3115083023,PA,Eisen Fluegel,
アイゼンフリューゲルSh,3413713363,PA,Eisen Fluegel (Shift Action),
ファントムマーカー(ロッド),404882650,Special,Phantom Marker (Rod) explosion charge lv.1 (Ph skill),
ファントムマーカー(ロッド),404882329,Special,Phantom Marker (Rod) explosion charge lv.2 (Ph skill),
PTF(ロッド),2995855500,Special,Phantom Time (Rod) (Ph skill),
PTF(ロッド),2682739872,Special,Phantom Time (Rod) 2nd part (Ph skill),
PTF(ロッド),2682739887,Special,Phantom Time (Rod) 3rd part (Ph skill),
PTF(ロッド),2682739886,Special,Phantom Time (Rod) final lasers (Ph skill),
飛斬翔刃,3065779131,Special,Dissipating Wave first normal attack (Form/Vades series) (Weapon Potential),
飛斬翔刃,3065779197,Special,Dissipating Wave second normal attack (Form/Vades series) (Weapon Potential),
飛斬翔刃,3065778236,Special,Dissipating Wave third normal attack (Form/Vades series) (Weapon Potential),
未知なる魔杖,4139628318,Special,Mysterious Conjurer (Lavis Cannon) (Weapon Potential),
未知なる魔杖,4139628288,Special,Heavy Hammer PA Mysterious Conjurer (Lavis Cannon) (Weapon Potential),
未知なる魔杖,4139628319,Special,Heavy Hammer PA Mysterious Conjurer (Lavis Cannon) (Weapon Potential),
天雷の飛翔剣,2924634920,Special,Thundering Blades (Jupiter Tullus) (Weapon Potential),
避跳飛刃,2311811561,Special,Elusive Blades (Bullet Kunai) (Weapon Potential),
古の針散弾,2482321781,Special,Antique Shot (Spread Needle) (Weapon Potential),
Antique Shot,3918796978,Special,Antique Shot (Phantom) (Spread Needle) (Weapon Potential),0
DS かまいたち(クヴェレ),1054020252,Special,Double Scarlet Blade (1 gear) (Quelle Scarlette) (Weapon Potential),
DS かまいたち(クヴェレ),1054020189,Special,Double Scarlet Blade (2 gear) (Quelle Scarlette) (Weapon Potential),
DS かまいたち(クヴェレ),1054023161,Special,Double Scarlet Blade (3 gear) (Quelle Scarlette) (Weapon Potential),
闇の一瞥,2270328498,Special,Glance of Darkness (Rykros Staff) (Weapon Potential),
四連石榴,3193149642,Ranged,Quadruple Grenade (first normal attack) (Yasminkov 4000FJ) (Weapon Potential),
四連石榴,3193417863,Ranged,Quadruple Grenade (second normal attack) (Yasminkov 4000FJ) (Weapon Potential),
四連石榴,3191508501,Ranged,Quadruple Grenade (third normal attack) (Yasminkov 4000FJ) (Weapon Potential),
ダイブロールシュート(四連石榴),3569343302,Ranged,Quadruple Grenade (Dive Roll Shoot) (Yasminkov 4000FJ) (Weapon Potential),
追撃の輝弓,2512505424,Special,Auxiliary Dart (Radius Arca) (Weapon Potential),
追撃の輝弓,2512505439,Special,Auxiliary Dart (Radius Arca) (Weapon Potential),
Hexing Spirit,3555827165,Special,Hexing Spirit (Cursed Slayer Gaen) (Weapon Potential) probably depends on the number of normal attacks,0
Hexing Spirit,3555827167,Special,Hexing Spirit (Cursed Slayer Gaen) (Weapon Potential) probably depends on the number of normal attacks,0
Hexing Spirit,3555827164,Special,Hexing Spirit (Cursed Slayer Gaen) (Weapon Potential) probably depends on the number of normal attacks,0
Hexing Spirit,859457298,Special,Hexing Spirit (Phantom) (Cursed Slayer Gaen) (Weapon Potential) probably depends on the number of normal attacks,0
Hexing Spirit,859457299,Special,Hexing Spirit (Phantom) (Cursed Slayer Gaen) (Weapon Potential) probably depends on the number of normal attacks,0
Hexing Spirit,859457301,Special,Hexing Spirit (Phantom) (Cursed Slayer Gaen) (Weapon Potential) probably depends on the number of normal attacks,0
天の加護,2428138007,Special,Divine Protection (Boots of Djibril) (Weapon Potential),
Bright Silver Flame,2711351862,Special,Bright Silver Flame (Exacrimav) (Weapon Potential),0
Bright Silver Flame,923779696,Special,Bright Silver Flame (Phantom) (Exacrimav) (Weapon Potential),0
Torrential Dash,3438460459,Special,Torrential Dash (Stopping dash wave) (RA Stinger) (Weapon Potential),0
Torrential Dash,3333338057,Special,Torrential Dash (Dash collision) (RA Stinger) (Weapon Potential),0
ブーストキック,85301614,Special,Tokyo speed-pad kick level 1,
ブーストキック,85302964,Special,Tokyo speed-pad kick level 2,
ブーストキック,85303029,Special,Tokyo speed-pad kick level 3,
ブーストキック,85301612,Special,Tokyo speed-pad kick level 1 on cars,
ブーストキック,85302966,Special,Tokyo speed-pad kick level 2 on cars,
ブーストキック,85303031,Special,Tokyo speed-pad kick level 3 on cars,
打撃/アタック,2667138551,Special,Mag action (S-ATK Attack),
打撃/ブロー,3296842070,Special,Mag action (S-ATK Blow),
打撃/アッパー,546125641,Special,Mag action (S-ATK Upper),
射撃/炎通常弾,1810252617,Special,Mag action (R-ATK Fire Bullet),
射撃/氷通常弾,1509329819,Special,Mag action (R-ATK Ice Bullet),
射撃/雷通常弾,887429903,Special,Mag action (R-ATK Lightning Bullet),
射撃/風通常弾,1747262548,Special,Mag action (R-ATK Wind Bullets),
射撃/光通常弾,3303318723,Special,Mag action (R-ATK Light Bullet),
射撃/闇通常弾,1811866223,Special,Mag action (R-ATK Dark Bullet),
射撃/炎貫通弾,183890233,Special,Mag action (R-ATK Piercing Fire Bullet),
射撃/氷貫通弾,3146527639,Special,Mag action (R-ATK Piercing Ice Bullet),
射撃/雷貫通弾,2042405421,Special,Mag action (R-ATK Piercing Lightning Bullet),
射撃/風貫通弾,195905495,Special,Mag action (R-ATK Piercing Wind Bullet),
射撃/光貫通弾,2373460025,Special,Mag action (R-ATK Piercing Light Bullet),
射撃/闇貫通弾,196570118,Special,Mag action (R-ATK Piercing Dark Bullet),
射撃/炎炸裂弾,867373469,Special,Mag action (R-ATK Exploding Fire Bullet),
射撃/氷炸裂弾,1542931456,Special,Mag action (R-ATK Exploding Ice Bullet),
射撃/雷炸裂弾,3126711672,Special,Mag action (R-ATK Exploding Lightning Bullet),
射撃/風炸裂弾,1687392375,Special,Mag action (R-ATK Exploding Wind Bullet),
射撃/光炸裂弾,649064981,Special,Mag action (R-ATK Exploding Light Bullet),
射撃/闇炸裂弾,2364012448,Special,Mag action (R-ATK Exploding Dark Bullet),
法撃/フォイエ,1049123664,Special,Mag action (T-ATK Foie),
法撃/バータ,3760306129,Special,Mag action (T-ATK Barta),
法撃/ゾンデ,4075390095,Special,Mag action (T-ATK Zonde),
法撃/ザン,912617849,Special,Mag action (T-ATK Zan),
法撃/グランツ,1886571787,Special,Mag action (T-ATK Grants),
法撃/メギド,1059126347,Special,Mag action (T-ATK Megid),
SP打撃/乱舞,3104220402,Special,Mag action (SP S-ATK Clobber),
SP射撃/速射,4205203418,Special,Mag action (SP R-ATK Vulcan),
ヘリクス・プロイ,2004640116,Special,PB Helix Proi 0+1+2-chain,
ヘリクス・プロイ,1792224906,Special,PB Helix Proi 3-chain,
ヘリクス・イメラ,1075221526,Special,PB Helix Imera aoe attack 0-chain,
ヘリクス・イメラ,1817839236,Special,PB Helix Imera first hit 1++-chain,
ヘリクス・イメラ,3826344072,Special,PB Helix Imera aoe attack 1+2-chain,
ヘリクス・イメラ,4211237222,Special,PB Helix Imera aoe attack 3-chain,
ヘリクス・ニフタ,3903398021,Special,PB Helix Nykta horn hit 0+1-chain,
ヘリクス・ニフタ,823402941,Special,PB Helix Nykta horn hit 2+3-chain,
ヘリクス・ニフタ,3627456031,Special,PB Helix Nykta landing hit 0+1-chain,
ヘリクス・ニフタ,2415309454,Special,PB Helix Nykta landing hit 2+3-chain,
アイアス・プロイ,718460570,Special,PB Ajax Proi 0+1+2-chain,
アイアス・プロイ,498592293,Special,PB Ajax Proi 3-chain,
アイアス・イメラ,4274907792,Special,PB Ajax Imera 0+1+2-chain,
アイアス・イメラ,2379589576,Special,PB Ajax Imera 3-chain,
アイアス・ニフタ,3512301214,Special,PB Ajax Nykta first hit 0+1-chain,
アイアス・ニフタ,1846509854,Special,PB Ajax Nykta first hit 2+3-chain,
アイアス・ニフタ,3625928312,Special,PB Ajax Nykta second hit 0+1-chain,
アイアス・ニフタ,2811060000,Special,PB Ajax Nykta second hit 2+3-chain,
ケートス・プロイ,4277784487,Special,PB Ketos Proi 0+1+2+3-chain,
ケートス・イメラ,430308113,Special,PB Ketos Imera 0-chain,
ケートス・イメラ,413582417,Special,PB Ketos Imera 1-chain,
ケートス・イメラ,4017106933,Special,PB Ketos Imera 2-chain,
ケートス・イメラ,380422613,Special,PB Ketos Imera 3-chain,
ケートス・ニフタ,1161221232,Special,PB Ketos Nykta 0+1-chain,
ケートス・ニフタ,320287461,Special,PB Ketos Nykta 2-chain,
ケートス・ニフタ,3929437971,Special,PB Ketos Nykta 3-chain,
ユリウス・プロイ,2074769727,Special,PB Julius Proi 0-chain,
ユリウス・プロイ,2074769724,Special,PB Julius Proi 1-chain,
ユリウス・プロイ,2074769725,Special,PB Julius Proi 2-chain,
ユリウス・プロイ,2074769722,Special,PB Julius Proi 3-chain,
ユリウス・プロイ,2224628886,Special,PB Julius Proi final blast 0-chain,
ユリウス・プロイ,2224628885,Special,PB Julius Proi final blast 1-chain,
ユリウス・プロイ,2224628884,Special,PB Julius Proi final blast 2-chain,
ユリウス・プロイ,2224628883,Special,PB Julius Proi final blast 3-chain,
ユリウス・イメラ,3412523140,Special,PB Julius Imera 0-chain,
ユリウス・イメラ,3412523139,Special,PB Julius Imera 1-chain,
ユリウス・イメラ,3412523138,Special,PB Julius Imera 2-chain,
ユリウス・イメラ,3412523137,Special,PB Julius Imera 3-chain,
ユリウス・ニフタ,764702094,Special,PB Julius Nykta 0-chain,
ユリウス・ニフタ,764702093,Special,PB Julius Nykta 1-chain,
ユリウス・ニフタ,764702092,Special,PB Julius Nykta 2-chain,
ユリウス・ニフタ,764702091,Special,PB Julius Nykta 3-chain,
イリオス・プロイ,2814861617,Special,PB Ilios Proi 0-chain,
イリオス・プロイ,2814861618,Special,PB Ilios Proi 1-chain,
イリオス・プロイ,2814861619,Special,PB Ilios Proi 2-chain,
イリオス・プロイ,2814861772,Special,PB Ilios Proi 3-chain,
イリオス・イメラ,2207342095,Special,PB Ilios Imera 0-chain,
Ilios Imera,2207302828,Special,PB Ilios Imera 0-chain final attack,0
イリオス・イメラ,2207342092,Special,PB Ilios Imera 1-chain,
Ilios Imera,2207302829,Special,PB Ilios Imera 1-chain final attack,0
イリオス・イメラ,2207342093,Special,PB Ilios Imera 2-chain,
Ilios Imera,2207302994,Special,PB Ilios Imera 2-chain final attack,0
イリオス・イメラ,2207342090,Special,PB Ilios Imera 3-chain,
Ilios Imera,2207302995,Special,PB Ilios Imera 3-chain final attack,0
イリオス・ニフタ,4037912096,Special,PB Ilios Nykta 0-chain,
イリオス・ニフタ,4037912097,Special,PB Ilios Nykta 1-chain,
イリオス・ニフタ,4037912102,Special,PB Ilios Nykta 2-chain,
イリオス・ニフタ,4037912103,Special,PB Ilios Nykta 3-chain,
DB通常攻撃(エルダー),267911699,Melee,Dark Blast (Hunar) first hit,
DB通常攻撃(エルダー),262346668,Melee,Dark Blast (Hunar) second,
DB通常攻撃(エルダー),265285249,Melee,Dark Blast (Hunar) third,
DB通常攻撃(エルダー),264996390,Melee,Dark Blast (Hunar) fourth (kick),
DB通常攻撃(エルダー),311089933,Melee,Dark Blast (Hunar) fifth (launcher),
DB通常攻撃(エルダー),3988916155,Melee,Dark Blast (Hunar) sixth (pummel),
DB通常攻撃(エルダー),265781051,Melee,Dark Blast (Hunar) seventh (pummel pt2),
DBステアタ(エルダー),3141577094,Melee,Dark Blast (Hunar) Step Attack,
ヴァイオレンスステップ,2289473436,Melee,Dark Blast Violence Step,
フィジカルダッシュ,517914866,PA,Physical Dash melee,
フィジカルダッシュ,517914869,PA,Physical Dash melee wide range,
パニッシュメントナックル,1117313539,PA,Punishment Knuckle,
パニッシュメントナックル,1611279117,PA,Punishment Knuckle charged,
アルティメットインパクト,3283361988,PA,Ultimate Impact,
インフィニティラッシュ,1117313602,PA,Infinity Rush hits uncharged,
インフィニティラッシュ,395090797,PA,Infinity Rush finish,
インフィニティラッシュ,2429416220,PA,Infinity Rush hits charged,
インフィニティラッシュ,1697271546,PA,Infinity Rush finish charged,
タイラントストライク,1117313924,PA,Tyrant Strike,
DB通常攻撃(ルーサー),2743071591,Ranged,Dark Blast (Loser) hit,
DB通常攻撃(ルーサー),2743062721,Ranged,Dark Blast (Loser) hit (D Attack Advance?),
オルト・サ・バータ,1783571383,PA,Ortho Sabarta (1-4?),
オルト・サ・バータ,2928504078,PA,Ortho Sabarta (1-4?),
コンバージョン・レイ,1783571188,PA,Convergent Ray uncharged,
コンバージョン・レイ,2849190450,PA,Convergent Ray charged,
ガンマバースト,1223455602,PA,Gamma Burst,
ウィズダムフォース,651603449,Special,Wisdom Force,
ダイブアサルト,2970658149,Special,Dive Assault,
カウンターステップ,2191939386,Special,Counter Step,
ディフュージョン・レイ,2091027507,Special,Diffusion Ray,
シャープグライド,4078260742,Special,Sharp Glide,
DB通常攻撃(アプレンティス),3379639420,Melee,Dark Blast (Apprentice) first hit,
DB通常攻撃(アプレンティス),3380458763,Melee,Dark Blast (Apprentice) second hit,
DB通常攻撃(アプレンティス),3380192966,Melee,Dark Blast (Apprentice) third hit,
DB通常攻撃(アプレンティス),3380628902,Melee,Dark Blast (Apprentice) fourth hit,
DB通常攻撃(アプレンティス),3377229307,Melee,Dark Blast (Apprentice) fifth hit,
DB通常攻撃(アプレンティス),3376960044,Melee,Dark Blast (Apprentice) sixth hit,
DB通常攻撃(アプレンティス),3377051585,Melee,Dark Blast (Apprentice) seventh hit,
DB通常攻撃(アプレンティス),3377849861,Melee,Dark Blast (Apprentice) eighth hit,
DB通常攻撃(アプレンティス),855002982,Melee,Dark Blast (Apprentice) lots'o'slashes (ninth attack),
DB通常攻撃(アプレンティス),2326333456,Melee,Dark Blast (Apprentice) ninth hit final,
DBステアタ(アプレンティス),3725887474,Melee,Dark Blast (Apprentice) Step Attack,
グレイスフル・ダンス,361825851,PA,Graceful Dance projectile,
グレイスフル・ダンス,3535795759,PA,Graceful Dance spin,
グレイスフル・ダンス,781100939,PA,Graceful Dance (Royal Scorpion) projectile,
ロイヤル・スコーピオン,793625150,Special,Royal Scorpion,
サーヴァント・ホーネット,1764406382,Special,Servant Hornet,
サーヴァント・ホーネット,3891439877,Special,Servant Hornet,
フォルティッシモ・キック,2295506478,PA,Fortissimo Kick,
フォルティッシモ・キック,1738105582,PA,Fortissimo Kick aoe?,0
フォルティッシモ・キック,37504833,PA,Fortissimo Kick (Royal Scorpion),
ブラック・クイーン・アライバル,1891210633,Special,Black Queen Arrival,
センセーショナル・スピード,3617357696,Special,Sensational Speed Attack,
ラヴィシング・ステップ,452272060,Special,Ravishing Step,
DB通常攻撃(ダブル),2002943320,Melee,Dark Blast (Double) first hit,
DB通常攻撃(ダブル),2000047869,Melee,Dark Blast (Double) second hit,
DB通常攻撃(ダブル),2002496834,Melee,Dark Blast (Double) third hit,
DB通常攻撃(ダブル),1957174279,Melee,Dark Blast (Double) fourth hit,
DB通常攻撃(ダブル),1955884339,Melee,Dark Blast (Double) fifth hit,
DBステアタ(ダブル),4134333680,Melee,Dark Blast (Double) Step Attack,
ビックリハンマー,4271466373,PA,Surprise Hammer,
ビックリハンマー,305729398,PA,Surprise Hammer second hit,
ワクワクゴーカート,682884756,PA,Waku Waku Go-Kart physical hit,
ワクワクゴーカート,4271465479,PA,"Waku Waku Go-Kart physical hit ""2-wheelie mode""",
ワクワクゴーカート,3983075073,PA,Waku Waku Go-Kart projectile,
ハッピーバズーカ,4271465542,PA,Happy Bazooka,
フラワーカーニバル,3593316716,Special,Flower Carnival attacks,
フラワーカーニバル,483639921,Special,Flower Carnival finish,
フラワーカーニバル,3113171853,Special,Flower Carnival attacks (2nd time),0
フラワーカーニバル,2157431709,Special,Flower Carnival finish (2nd time),0
フラワーカーニバル,3660851541,Special,Flower Carnival attacks (3rd time),0
フラワーカーニバル,3721426675,Special,Flower Carnival finish (3rd time),0
クラッチステップ,472092093,Special,Clutch Step,
バーン,2505928570,Status,Burn Status Effect (level 1),
バーン,2505928505,Status,Burn Status Effect (level 2),
バーン,2505928696,Status,Burn Status Effect (level 3),
バーン,2505928584,Status,Burn Status Effect (level 4),
バーン,2505927753,Status,Burn Status Effect (level 5),
ポイズン,1739789695,Status,Poison Status Effect (level 1),
ポイズン,1739789694,Status,Poison Status Effect (level 2),
ポイズン,1739789665,Status,Poison Status Effect (level 3),
ポイズン,1739789664,Status,Poison Status Effect (level 4),
ポイズン,1739789667,Status,Poison Status Effect (level 5),
ジャストリバーサルブラスト,3580699874,Special,Just Reversal B ring,
モノメイト,2925757257,Special,Monomate (Automate Halfline/Deadline also uses this),
ディメイト,2925757256,Special,Dimate (Automate Halfline/Deadline also uses this),
トリメイト,2925757259,Special,Trimate (Automate Halfline/Deadline also uses this),
スターアトマイザー,2925757249,Special,Star Atomizer,
リカバリーポッド,633660526,Special,Recovery Pod (found before bosses & 'リカバリーポッド'),
回復ポッド,458852839,Special,Restoration Pod (random spawn on maps & '回復ポッド'),
ヒーリングガード,662646057,Special,Healing Guard (Hu skill),
インジュリー,140040,Special,'Wound' state ending (Limit Break/PP Convert & Bayaribbles/Guar-Zigmorde/Hunar/Blu Ringahda/Viel all inflict this),
ジャストリバーサルカバー,2440029502,Special,Just Reversal Cover (Br skill),
ヒールシェア,2616315751,Special,Heal Share (Bo skill),
HP吸収,893379015,Special,Vampiric Blade/Celestial Bullet/Megiverse all belong here,
弧月蝕,2608912395,Special,Lunar Eclipse (Weapon Potential),
東京風ハンバーグ,585389849,Special,Tokyo Style Hamburger (Cuisine),
Emperappy hug <3,2088559161,Special,Emperappy hug <3,
磁雷針,2370429206,Special,Magnetic Needle (Skyscape areas),
サークルレーザー,2939688058,Special,Circle Laser (random spawn on maps),
ガトリングトーチ,1852253343,Special,Normal Turret,
拘束銃座,1358461404,Special,Rodos Grapple Turret,
大砲,2414748436,Special,Facility Cannon,
フォトンキャノン,1954812953,Special,Photon Cannon uncharged,
Photon Cannon,1954812934,Special,Photon Cannon charge lv.1,0
フォトンキャノン,2822784832,Special,Photon Cannon charge lv.2,
禍縛の矢,791327364,Special,Binding Arrow Turret,
フォトン粒子砲,3339644659,Special,Photon Particle Turret,
フォトンレーザー砲,2676260123,Special,Photon Laser Cannon,
フォトンパニッシャー,224805109,Special,Photon Punisher,
マナ速射砲,1913897098,Special,Rapid-Fire Mana Gun,
AIS ソリッドバルカン,119505187,Special,A.I.S rifle (Solid Vulcan),
AIS フォトンセイバー,79965782,Special,A.I.S melee first attack (Photon Saber),
AIS フォトンセイバー,79965783,Special,A.I.S melee second attack (Photon Saber),
AIS フォトンセイバー,79965784,Special,A.I.S melee third attack (Photon Saber),
AIS フォトンセイバー,80047171,Special,A.I.S dash melee (Photon Saber),
AIS フォトングレネード,434705298,Special,A.I.S rockets (Photon Grenade),
AIS フォトンラッシュ,79964675,Special,A.I.S gap closer PA attack (Photon Rush),
AIS フォトンブラスター,1460054769,Special,A.I.S cannon (Photon Blaster),
AIS フォトンブリザード,4081218683,Special,A.I.S mob freezing attack (Photon Blizzard),
AIS ウィークバスター,3298256598,Special,A.I.S Weak Buster (Weak Bullet),
AIS エリアヒール,2826401717,Special,A.I.S Area Heal,
Ridroid,3491866260,Special,Rideroid throw,
Ridroid,2056025809,Special,Rideroid hit forward slow,
Ridroid,2534881408,Special,Rideroid hit forward stop,
Ridroid,1247666429,Special,Rideroid hit forward fast,
Ridroid,2600476838,Special,Rideroid hit dodge,
Ridroid,3642240295,Special,Big UFO Core hit?,
Ridroid,651750924,Special,Big UFO hit?,
Ridroid,3750571080,Special,Big UFO outer control unit hit?,
Ridroid,2452463220,Special,something relating to big ufo and rideroid,
Ridroid,1732461796,Special,something relating to big ufo and rideroid,
Ridroid,3809261131,Special,something relating to big ufo and rideroid,
エネルギーリング,645891880,Special,Rideroid heal ring,
Ridroid,1876785244,Special,Rideroid auto-attack (Mother phase 1),
Ridroid(ホーミングミサイル),3765765641,Special,Rideroid rockets (Mother phase 1),
Ridroid(スピンアタック),3642969286,Special,Rideroid barrel roll (Mother phase 1),
Ridroid(スピンアタック),1258041436,Special,Rideroid Mother's wall spun back (Mother phase 1),
ラコニウムソード,2235773927,Melee,Laconium Sword first normal attack,
ラコニウムソード,2235773926,Melee,Laconium Sword second normal attack,
ラコニウムソード,2235773944,Melee,Laconium Sword third normal attack,
ラコニウムソード,2235773610,Melee,Laconium Sword air first normal attack,
ラコニウムソード,2235773608,Melee,Laconium Sword air second normal attack,
ラコニウムソード,2235773611,Melee,Laconium Sword air third normal attack,
ラコニウムソード,2619614461,Melee,Laconium Sword Step Attack,
ラコニウムソード,3607718359,Special,Laconium Sword slash,
ラコニウムソード,2235773818,PA,Buster Divide (Laconium Sword),
ラコニウムソード,2618804663,PA,Buster Divide (Laconium Sword) charge,